Ticker,HDFCBANK.NS,HDFCBANK.NS,HDFCBANK.NS,HDFCBANK.NS,HDFCBANK.NS,TCS.NS,TCS.NS,TCS.NS,TCS.NS,TCS.NS,ICICIBANK.NS,ICICIBANK.NS,ICICIBANK.NS,ICICIBANK.NS,ICICIBANK.NS,INFY.NS,INFY.NS,INFY.NS,INFY.NS,INFY.NS,RELIANCE.NS,RELIANCE.NS,RELIANCE.NS,RELIANCE.NS,RELIANCE.NS
Price,Open,High,Low,Close,Volume,Open,High,Low,Close,Volume,Open,High,Low,Close,Volume,Open,High,Low,Close,Volume,Open,High,Low,Close,Volume
Datetime,,,,,,,,,,,,,,,,,,,,,,,,,
2025-11-03 09:15:00+05:30,985.0,991.5999755859375,983.2999877929688,988.9500122070312,0,3050.0,3056.800048828125,3037.300048828125,3037.5,0,1341.699951171875,1348.5999755859375,1338.199951171875,1343.300048828125,0,1484.800048828125,1484.800048828125,1475.0999755859375,1476.5,0,1487.0999755859375,1491.5,1479.5,1488.5,0
2025-11-03 10:15:00+05:30,989.0,992.25,987.4000244140625,991.5999755859375,1503854,3037.10009765625,3038.39990234375,3030.5,3036.0,351295,1343.199951171875,1347.5,1342.0999755859375,1345.199951171875,2265565,1476.5,1485.4000244140625,1474.699951171875,1484.0,617915,1487.5,1495.0,1486.4000244140625,1491.199951171875,624768
2025-11-03 11:15:00+05:30,991.5999755859375,994.5499877929688,990.8499755859375,991.1500244140625,2133349,3035.300048828125,3042.800048828125,3020.0,3021.5,307311,1345.0999755859375,1346.699951171875,1341.0,1344.0,1167846,1483.9000244140625,1490.300048828125,1478.0,1478.0999755859375,1166580,1491.199951171875,1494.4000244140625,1488.5,1489.0,1558872
2025-11-03 12:15:00+05:30,991.4000244140625,992.9000244140625,988.0,992.6500244140625,1972405,3021.199951171875,3025.199951171875,3011.699951171875,3015.10009765625,289241,1344.0,1346.800048828125,1341.9000244140625,1346.300048828125,1075237,1478.0999755859375,1482.300048828125,1476.0999755859375,1480.4000244140625,694772,1488.800048828125,1493.0,1485.0,1486.699951171875,1031031
2025-11-03 13:15:00+05:30,992.6500244140625,993.8499755859375,989.0499877929688,993.4000244140625,3968946,3015.0,3017.60009765625,3010.0,3013.300048828125,288761,1346.300048828125,1351.5,1345.0999755859375,1349.0,1492831,1480.4000244140625,1483.699951171875,1479.5,1480.800048828125,606064,1486.800048828125,1490.699951171875,1484.5,1488.300048828125,1778003
2025-11-03 14:15:00+05:30,993.4000244140625,994.4000244140625,990.5,992.5,3341577,3013.39990234375,3019.0,3012.699951171875,3016.300048828125,488718,1349.0,1350.0999755859375,1344.300048828125,1346.0999755859375,1632832,1480.800048828125,1485.699951171875,1480.5999755859375,1485.5,1127052,1488.199951171875,1490.300048828125,1483.300048828125,1484.5,1693931
2025-11-03 15:15:00+05:30,992.5499877929688,993.5,992.0,992.6500244140625,1035792,3016.300048828125,3020.89990234375,3016.300048828125,3019.5,192492,1346.0999755859375,1349.800048828125,1345.9000244140625,1348.0,683530,1485.5,1489.4000244140625,1485.0,1487.0,553154,1484.5,1487.5,1484.0,1487.0,453907
2025-11-04 09:15:00+05:30,987.9000244140625,992.5499877929688,987.5999755859375,991.1500244140625,0,3022.89990234375,3028.60009765625,3000.199951171875,3000.89990234375,0,1345.5999755859375,1349.800048828125,1340.199951171875,1341.4000244140625,0,1479.0,1481.699951171875,1472.0999755859375,1474.800048828125,0,1482.9000244140625,1492.5999755859375,1482.300048828125,1488.0999755859375,0
2025-11-04 10:15:00+05:30,991.0999755859375,996.8499755859375,990.0,994.5499877929688,2826581,3000.199951171875,3000.89990234375,2979.199951171875,2979.199951171875,395494,1341.199951171875,1343.0,1339.0,1339.300048828125,1727546,1474.699951171875,1478.4000244140625,1470.199951171875,1470.699951171875,1206670,1488.0999755859375,1491.9000244140625,1486.5999755859375,1489.5,835148
2025-11-04 11:15:00+05:30,994.5499877929688,995.9500122070312,991.75,994.9500122070312,2232145,2979.10009765625,2987.5,2976.0,2985.39990234375,375642,1339.199951171875,1340.0,1333.5,1336.800048828125,2914595,1470.699951171875,1473.300048828125,1468.300048828125,1472.800048828125,600319,1489.5999755859375,1491.199951171875,1483.5,1485.5,1328945
2025-11-04 12:15:00+05:30,995.0,996.5,993.1500244140625,993.4500122070312,2163456,2985.39990234375,2986.89990234375,2980.0,2983.0,227156,1336.800048828125,1338.199951171875,1334.199951171875,1334.800048828125,2363704,1472.5,1473.4000244140625,1470.5999755859375,1472.0,575335,1485.4000244140625,1487.9000244140625,1480.199951171875,1480.5,1229054
2025-11-04 13:15:00+05:30,993.4500122070312,995.0,987.7999877929688,988.5999755859375,2543768,2983.0,2993.0,2983.0,2988.0,208918,1334.800048828125,1339.4000244140625,1334.5,1337.5,1935345,1472.0,1474.5999755859375,1468.5,1468.5,727057,1480.5999755859375,1483.5999755859375,1478.5,1479.9000244140625,1509023
2025-11-04 14:15:00+05:30,988.7000122070312,989.9500122070312,983.9000244140625,984.0499877929688,5723508,2988.699951171875,2992.39990234375,2985.0,2991.5,692542,1337.5999755859375,1338.9000244140625,1336.0999755859375,1338.0999755859375,3721652,1468.5,1469.699951171875,1463.0,1468.9000244140625,3072269,1479.800048828125,1480.699951171875,1471.0999755859375,1472.0999755859375,3187230
2025-11-04 15:15:00+05:30,984.1500244140625,986.0,983.75,985.7000122070312,1835801,2991.5,2992.89990234375,2985.0,2987.0,298436,1337.800048828125,1338.0999755859375,1333.4000244140625,1335.4000244140625,1533552,1468.800048828125,1470.0,1465.5999755859375,1468.0,1277201,1472.0999755859375,1473.5,1470.5,1473.0999755859375,858566
2025-11-06 09:15:00+05:30,982.0,982.7000122070312,974.2000122070312,979.75,0,2990.199951171875,3017.10009765625,2990.199951171875,3006.300048828125,0,1334.5999755859375,1341.5999755859375,1328.5,1330.199951171875,0,1477.699951171875,1483.0,1469.5,1473.199951171875,0,1480.0999755859375,1501.4000244140625,1477.199951171875,1493.199951171875,0
2025-11-06 10:15:00+05:30,979.8499755859375,982.0,979.0999755859375,981.75,1484584,3006.699951171875,3017.0,3000.89990234375,3011.10009765625,207559,1330.0,1330.199951171875,1324.5,1325.0999755859375,3128073,1473.300048828125,1475.4000244140625,1470.0999755859375,1474.699951171875,811629,1493.199951171875,1498.699951171875,1493.0,1497.0,1332908
2025-11-06 11:15:00+05:30,981.9500122070312,987.9500122070312,981.4500122070312,987.5999755859375,1875864,3011.39990234375,3012.10009765625,3003.5,3004.5,356124,1325.0,1325.4000244140625,1318.800048828125,1320.0,3526119,1474.699951171875,1475.5999755859375,1470.0999755859375,1470.0999755859375,1260419,1497.0999755859375,1497.800048828125,1492.800048828125,1494.800048828125,1115699
2025-11-06 12:15:00+05:30,987.2999877929688,990.4500122070312,985.9500122070312,989.0999755859375,3107144,3004.39990234375,3024.0,3003.800048828125,3018.199951171875,452943,1320.0,1324.0,1317.5,1321.4000244140625,4162766,1470.199951171875,1478.5,1469.699951171875,1476.9000244140625,921182,1495.199951171875,1497.800048828125,1486.300048828125,1489.5999755859375,2280145
2025-11-06 13:15:00+05:30,989.0499877929688,991.0499877929688,985.7000122070312,987.5999755859375,2902052,3018.0,3021.39990234375,3012.0,3014.10009765625,318403,1321.300048828125,1326.699951171875,1321.300048828125,1325.800048828125,2724773,1477.0999755859375,1478.0,1470.199951171875,1472.0999755859375,880065,1489.5999755859375,1494.9000244140625,1486.800048828125,1493.5999755859375,2465304
2025-11-06 14:15:00+05:30,987.5999755859375,988.4500122070312,983.1500244140625,983.7999877929688,5503511,3013.800048828125,3017.39990234375,3009.60009765625,3011.89990234375,493412,1325.800048828125,1326.0999755859375,1319.300048828125,1320.199951171875,3884546,1472.0999755859375,1473.199951171875,1465.800048828125,1467.4000244140625,1973611,1493.699951171875,1498.199951171875,1492.0999755859375,1493.699951171875,4380393
2025-11-06 15:15:00+05:30,983.8499755859375,988.0,983.3499755859375,984.6500244140625,2469697,3011.89990234375,3013.60009765625,3007.0,3010.89990234375,287489,1320.199951171875,1322.0,1319.0999755859375,1320.300048828125,1460490,1467.300048828125,1467.5999755859375,1462.0,1466.0,901634,1493.699951171875,1496.0999755859375,1493.5,1496.0999755859375,1086885
2025-11-07 09:15:00+05:30,981.0,981.2000122070312,974.9500122070312,976.5499877929688,0,3002.10009765625,3002.5,2960.5,2971.0,0,1320.4000244140625,1331.9000244140625,1318.5999755859375,1330.4000244140625,0,1470.0,1475.0,1449.300048828125,1455.0999755859375,0,1493.699951171875,1498.199951171875,1485.0999755859375,1493.5,0
2025-11-07 10:15:00+05:30,976.4000244140625,979.0499877929688,975.0999755859375,979.0,2370620,2971.0,2980.39990234375,2968.0,2979.199951171875,236063,1330.5,1335.300048828125,1330.0,1334.5999755859375,941779,1455.0999755859375,1462.800048828125,1453.699951171875,1462.199951171875,848575,1493.0,1495.4000244140625,1490.300048828125,1494.300048828125,892248
2025-11-07 11:15:00+05:30,978.8499755859375,983.5,978.5999755859375,979.9500122070312,2378468,2978.89990234375,2980.800048828125,2972.5,2975.60009765625,182817,1335.0,1341.5999755859375,1334.699951171875,1340.0999755859375,1730750,1462.4000244140625,1463.9000244140625,1457.5999755859375,1463.300048828125,1444572,1494.300048828125,1495.9000244140625,1487.5,1488.5,1057131
2025-11-07 12:15:00+05:30,980.0,983.5,979.5,981.2999877929688,1538202,2975.0,2981.5,2974.5,2976.0,167185,1340.0999755859375,1344.0,1339.199951171875,1340.300048828125,763327,1462.699951171875,1469.199951171875,1462.699951171875,1469.0,1100560,1488.5,1488.699951171875,1480.800048828125,1481.699951171875,955858
2025-11-07 13:15:00+05:30,981.3499755859375,984.9000244140625,979.9500122070312,980.6500244140625,1436428,2975.89990234375,2982.0,2971.60009765625,2974.800048828125,229271,1340.4000244140625,1344.0,1339.5,1341.300048828125,917320,1469.0999755859375,1477.0,1468.9000244140625,1473.5999755859375,1183941,1482.0,1486.0,1478.199951171875,1480.0,860954
2025-11-07 14:15:00+05:30,980.6500244140625,983.7999877929688,980.2000122070312,982.4000244140625,2667973,2974.800048828125,2993.0,2973.89990234375,2991.0,492007,1341.300048828125,1344.0,1340.699951171875,1343.199951171875,1381735,1474.0999755859375,1480.800048828125,1473.0,1475.800048828125,1583219,1480.4000244140625,1483.5,1476.0,1476.9000244140625,1456796
2025-11-07 15:15:00+05:30,982.4000244140625,984.7999877929688,982.4000244140625,984.25,1262108,2991.0,2994.89990234375,2990.5,2993.5,144687,1343.199951171875,1344.300048828125,1341.5,1342.5999755859375,743165,1475.800048828125,1478.5,1475.5,1476.800048828125,621781,1476.9000244140625,1480.5999755859375,1476.5999755859375,1480.5,703610
2025-11-10 09:15:00+05:30,984.2000122070312,987.9000244140625,980.5999755859375,986.3499755859375,0,2993.10009765625,3019.699951171875,2992.0,3019.699951171875,0,1342.5999755859375,1347.9000244140625,1342.199951171875,1343.9000244140625,0,1491.0999755859375,1504.5,1490.5,1503.5999755859375,0,1478.0,1494.9000244140625,1478.0,1492.5,0
2025-11-10 10:15:00+05:30,986.3499755859375,990.9500122070312,986.25,990.0,1944971,3019.199951171875,3047.89990234375,3018.300048828125,3045.0,319251,1343.9000244140625,1347.300048828125,1342.199951171875,1343.800048828125,1324043,1502.9000244140625,1518.9000244140625,1502.9000244140625,1518.199951171875,2456789,1492.300048828125,1493.800048828125,1488.0,1492.5999755859375,839560
2025-11-10 11:15:00+05:30,990.0,990.4000244140625,988.6500244140625,989.9500122070312,1124080,3044.300048828125,3045.0,3029.39990234375,3029.5,117858,1343.5999755859375,1345.9000244140625,1341.9000244140625,1342.0,1220075,1518.0999755859375,1519.5999755859375,1515.0,1515.9000244140625,917558,1492.5,1500.5999755859375,1492.199951171875,1494.5999755859375,1370881
2025-11-10 12:15:00+05:30,989.9500122070312,990.9500122070312,987.2999877929688,987.5,1626113,3030.0,3032.5,3025.0,3026.89990234375,110224,1341.9000244140625,1346.4000244140625,1341.5,1345.199951171875,959535,1516.0999755859375,1519.300048828125,1515.5,1518.0,883225,1494.9000244140625,1499.5,1493.199951171875,1497.300048828125,520636
2025-11-10 13:15:00+05:30,987.5499877929688,988.75,984.5999755859375,986.1500244140625,1947955,3026.89990234375,3031.0,3023.199951171875,3028.300048828125,153761,1345.0999755859375,1348.4000244140625,1344.5,1348.300048828125,1472204,1518.0,1519.9000244140625,1515.0999755859375,1518.4000244140625,981581,1497.4000244140625,1497.5999755859375,1492.4000244140625,1493.4000244140625,793234
2025-11-10 14:15:00+05:30,986.2000122070312,988.2000122070312,984.0,984.0999755859375,3722283,3028.5,3034.0,3023.5,3024.300048828125,251008,1348.4000244140625,1349.5999755859375,1347.0999755859375,1347.5999755859375,1933015,1518.4000244140625,1520.0,1511.4000244140625,1512.0,1488510,1493.4000244140625,1494.9000244140625,1487.800048828125,1488.5,1634342
2025-11-10 15:15:00+05:30,984.0999755859375,985.3499755859375,983.6500244140625,984.5,1576005,3025.0,3026.89990234375,3023.10009765625,3025.199951171875,135844,1347.5999755859375,1348.5999755859375,1346.5,1347.5999755859375,647790,1512.0,1515.0,1510.0,1514.800048828125,624749,1488.5,1490.9000244140625,1488.4000244140625,1489.699951171875,679432
2025-11-11 09:15:00+05:30,983.5,989.7000122070312,979.0,981.0499877929688,0,3042.0,3055.300048828125,3021.300048828125,3030.300048828125,0,1348.5,1354.699951171875,1348.0999755859375,1349.4000244140625,0,1525.300048828125,1529.0,1511.5,1518.699951171875,0,1496.0,1498.5,1483.4000244140625,1483.5999755859375,0
2025-11-11 10:15:00+05:30,981.0499877929688,981.5999755859375,978.0,979.9500122070312,729158,3030.10009765625,3032.699951171875,3018.39990234375,3026.300048828125,383448,1349.4000244140625,1352.9000244140625,1348.0,1351.800048828125,987537,1518.0999755859375,1521.0,1511.0999755859375,1520.300048828125,2068461,1483.5999755859375,1485.800048828125,1480.5999755859375,1481.9000244140625,638855
2025-11-11 11:15:00+05:30,979.9000244140625,984.5499877929688,979.0,984.0999755859375,645490,3026.39990234375,3032.0,3023.0,3027.300048828125,169657,1351.699951171875,1352.0,1348.5999755859375,1351.4000244140625,663256,1520.0999755859375,1521.0,1516.5,1519.4000244140625,982970,1481.9000244140625,1485.5,1480.199951171875,1482.5999755859375,863237
2025-11-11 12:15:00+05:30,984.0499877929688,987.2000122070312,983.9000244140625,986.8499755859375,1079475,3027.60009765625,3038.89990234375,3026.5,3035.39990234375,308025,1351.300048828125,1355.0,1350.0,1355.0,864757,1519.4000244140625,1524.800048828125,1518.5,1524.5,1558490,1482.5999755859375,1486.5,1481.800048828125,1485.9000244140625,692058
2025-11-11 13:15:00+05:30,987.0999755859375,990.5,986.9000244140625,988.1500244140625,1532679,3035.300048828125,3044.0,3032.5,3040.300048828125,418969,1355.0,1360.4000244140625,1354.9000244140625,1355.800048828125,1507743,1524.0999755859375,1530.4000244140625,1524.0,1528.800048828125,1737322,1485.9000244140625,1494.300048828125,1485.5999755859375,1492.0999755859375,1146522
2025-11-11 14:15:00+05:30,988.2000122070312,992.5499877929688,988.0499877929688,991.4500122070312,3032321,3041.300048828125,3050.0,3039.199951171875,3046.60009765625,621376,1356.0999755859375,1359.0,1354.0999755859375,1358.5999755859375,2250432,1528.300048828125,1532.699951171875,1528.0,1528.800048828125,3309408,1492.0999755859375,1495.9000244140625,1491.199951171875,1494.0,2099459
2025-11-11 15:15:00+05:30,991.7000122070312,993.5,990.0,992.0,1145850,3046.39990234375,3050.699951171875,3045.199951171875,3049.199951171875,222009,1358.5999755859375,1359.300048828125,1357.300048828125,1359.0,929332,1528.9000244140625,1533.0,1528.0,1531.5,1197292,1494.0,1495.199951171875,1492.199951171875,1493.800048828125,691296
2025-11-12 09:15:00+05:30,998.0,998.0999755859375,992.5,993.5499877929688,0,3062.699951171875,3103.39990234375,3060.0,3100.5,0,1369.9000244140625,1369.9000244140625,1358.199951171875,1359.5,0,1541.0,1553.0999755859375,1538.5999755859375,1549.800048828125,0,1503.4000244140625,1513.4000244140625,1502.9000244140625,1504.4000244140625,0
2025-11-12 10:15:00+05:30,993.5499877929688,995.9500122070312,991.7000122070312,995.9500122070312,817247,3101.0,3120.39990234375,3099.89990234375,3113.60009765625,925022,1359.800048828125,1361.5999755859375,1357.5999755859375,1360.0999755859375,898379,1549.300048828125,1557.5,1547.5999755859375,1551.0,1963953,1504.0,1513.9000244140625,1504.0,1512.9000244140625,2079058
2025-11-12 11:15:00+05:30,995.75,995.9500122070312,993.4500122070312,993.8499755859375,696939,3114.10009765625,3120.0,3112.5,3117.60009765625,383646,1360.0,1362.699951171875,1358.0,1360.0,1318322,1551.300048828125,1553.0,1548.800048828125,1552.0999755859375,1241489,1512.9000244140625,1521.4000244140625,1512.699951171875,1520.5,1703322
2025-11-12 12:15:00+05:30,993.7000122070312,996.0,993.5,993.7999877929688,932907,3117.60009765625,3125.89990234375,3115.0,3125.0,445813,1360.0999755859375,1365.9000244140625,1359.5999755859375,1365.4000244140625,2041320,1552.199951171875,1555.0,1550.0,1554.800048828125,1803606,1520.0,1524.300048828125,1518.5,1523.699951171875,1558307
2025-11-12 13:15:00+05:30,993.7999877929688,994.9000244140625,990.3499755859375,991.9000244140625,2075010,3125.89990234375,3126.0,3118.60009765625,3120.800048828125,388700,1365.5999755859375,1367.199951171875,1360.199951171875,1361.800048828125,1814115,1554.800048828125,1556.800048828125,1551.0,1551.9000244140625,1870539,1523.5,1524.5999755859375,1518.5,1518.699951171875,1851048
2025-11-12 14:15:00+05:30,991.9000244140625,992.5499877929688,989.0,989.3499755859375,4155447,3121.0,3136.300048828125,3119.300048828125,3134.10009765625,1023604,1361.800048828125,1363.0,1358.300048828125,1358.699951171875,1556005,1551.9000244140625,1555.4000244140625,1550.5,1552.0999755859375,3069367,1518.699951171875,1519.800048828125,1511.9000244140625,1512.0999755859375,2095364
2025-11-12 15:15:00+05:30,989.2999877929688,990.9500122070312,987.8499755859375,989.5,2496070,3134.10009765625,3134.39990234375,3125.0,3125.60009765625,324144,1358.5999755859375,1358.9000244140625,1355.9000244140625,1358.9000244140625,832543,1552.5999755859375,1553.0,1548.0,1552.0,1578694,1512.0999755859375,1512.300048828125,1508.5999755859375,1511.5,944643
2025-11-13 09:15:00+05:30,984.5999755859375,987.4000244140625,982.7000122070312,985.4000244140625,0,3128.0,3131.39990234375,3108.10009765625,3116.199951171875,0,1360.0,1383.5,1360.0,1382.0,0,1555.0999755859375,1555.0999755859375,1530.5999755859375,1540.5,0,1514.0,1514.0,1507.0,1512.0,0
2025-11-13 10:15:00+05:30,985.4000244140625,989.5,984.4000244140625,989.0999755859375,1973878,3117.0,3125.0,3116.0,3120.699951171875,121788,1382.0,1386.800048828125,1381.699951171875,1385.300048828125,2688940,1540.699951171875,1549.9000244140625,1540.0,1549.300048828125,2315491,1512.0999755859375,1517.800048828125,1510.300048828125,1515.0,697242
2025-11-13 11:15:00+05:30,989.0499877929688,989.5499877929688,987.3499755859375,988.25,1025630,3120.699951171875,3122.699951171875,3113.10009765625,3122.300048828125,183464,1385.300048828125,1389.300048828125,1385.0999755859375,1388.699951171875,2099347,1549.199951171875,1550.199951171875,1545.199951171875,1547.699951171875,2046375,1514.9000244140625,1519.0,1514.0,1517.4000244140625,671636
2025-11-13 12:15:00+05:30,988.25,990.0,986.25,989.6500244140625,1416410,3122.300048828125,3123.5,3115.199951171875,3120.800048828125,122469,1388.699951171875,1390.300048828125,1386.0999755859375,1389.699951171875,3207397,1547.5999755859375,1553.699951171875,1547.5,1553.300048828125,1905600,1517.199951171875,1520.300048828125,1515.5999755859375,1518.5,1067217
2025-11-13 13:15:00+05:30,989.75,990.0999755859375,984.0999755859375,985.0,1499671,3120.800048828125,3124.5,3102.89990234375,3108.199951171875,278504,1389.800048828125,1390.4000244140625,1386.0,1386.9000244140625,1458811,1553.300048828125,1556.0,1546.5,1549.5999755859375,3283442,1518.5,1522.0999755859375,1508.0,1509.9000244140625,1549920
2025-11-13 14:15:00+05:30,984.9500122070312,987.7000122070312,984.1500244140625,986.9000244140625,3295642,3108.199951171875,3112.0,3103.199951171875,3107.0,520771,1387.0,1388.0,1384.9000244140625,1385.5999755859375,2973290,1549.699951171875,1551.9000244140625,1540.5,1541.0,5121560,1509.699951171875,1513.9000244140625,1508.0,1511.5999755859375,1694779
2025-11-13 15:15:00+05:30,986.9000244140625,988.6500244140625,984.9000244140625,985.75,1019266,3106.199951171875,3113.60009765625,3102.0,3104.800048828125,188026,1385.5999755859375,1387.5,1385.300048828125,1385.9000244140625,928798,1540.9000244140625,1543.699951171875,1538.5,1540.0,1862700,1511.5999755859375,1512.9000244140625,1510.4000244140625,1512.0999755859375,565013
2025-11-14 09:15:00+05:30,977.7999877929688,986.5499877929688,977.7999877929688,980.0499877929688,0,3096.39990234375,3096.89990234375,3083.300048828125,3085.800048828125,0,1375.0999755859375,1381.199951171875,1371.9000244140625,1372.199951171875,0,1517.5,1529.699951171875,1501.199951171875,1504.5,0,1508.0,1516.199951171875,1505.9000244140625,1515.0,0
2025-11-14 10:15:00+05:30,979.9500122070312,984.1500244140625,979.0,981.75,2273817,3085.800048828125,3107.39990234375,3080.39990234375,3105.300048828125,266748,1372.0999755859375,1374.4000244140625,1369.0999755859375,1373.5,882467,1504.5,1511.5999755859375,1501.0999755859375,1510.199951171875,1088710,1515.0999755859375,1519.0,1512.5999755859375,1515.800048828125,873884
2025-11-14 11:15:00+05:30,981.5999755859375,985.7999877929688,979.75,984.9000244140625,2019745,3105.0,3107.800048828125,3096.10009765625,3101.0,190276,1373.5999755859375,1374.199951171875,1367.0999755859375,1368.5,1307231,1510.5,1511.5,1501.0,1502.5,927798,1515.800048828125,1516.0,1512.800048828125,1515.199951171875,491025
2025-11-14 12:15:00+05:30,984.7999877929688,986.4000244140625,983.7999877929688,985.8499755859375,1598650,3100.800048828125,3102.39990234375,3077.300048828125,3080.0,325674,1368.5,1369.5999755859375,1366.0999755859375,1366.9000244140625,887947,1502.5,1502.699951171875,1492.199951171875,1493.5999755859375,990218,1514.800048828125,1517.699951171875,1514.5,1515.800048828125,546647
2025-11-14 13:15:00+05:30,985.7999877929688,986.4500122070312,981.6500244140625,983.3499755859375,1699268,3080.10009765625,3089.699951171875,3079.10009765625,3088.0,128729,1366.800048828125,1368.699951171875,1363.5,1363.9000244140625,739784,1493.5999755859375,1495.199951171875,1489.4000244140625,1490.199951171875,1150570,1515.9000244140625,1517.0,1511.0,1513.9000244140625,586830
2025-11-14 14:15:00+05:30,983.0999755859375,991.5999755859375,982.2999877929688,990.5,6267980,3088.0,3112.699951171875,3083.800048828125,3107.60009765625,579570,1363.9000244140625,1374.800048828125,1363.300048828125,1373.9000244140625,3159416,1490.4000244140625,1504.5999755859375,1490.0,1503.5999755859375,2359000,1513.800048828125,1520.800048828125,1512.5999755859375,1520.0999755859375,2490178
2025-11-14 15:15:00+05:30,990.5,991.0,987.5499877929688,989.0,3580002,3107.800048828125,3113.10009765625,3103.800048828125,3108.300048828125,289365,1374.199951171875,1374.800048828125,1372.0,1373.0,1620026,1503.5,1507.0,1502.5999755859375,1505.800048828125,1261074,1520.199951171875,1520.4000244140625,1516.800048828125,1518.199951171875,1715859
2025-11-17 09:15:00+05:30,992.4000244140625,992.5,985.5999755859375,989.4000244140625,0,3110.5,3110.5,3089.39990234375,3098.0,0,1377.699951171875,1380.0,1374.0,1377.0,0,1495.5,1505.0999755859375,1495.0999755859375,1499.4000244140625,0,1520.9000244140625,1523.0,1516.0999755859375,1519.300048828125,0
2025-11-17 10:15:00+05:30,989.2999877929688,990.7000122070312,988.5,989.9500122070312,1471649,3097.89990234375,3101.10009765625,3088.0,3095.0,403135,1377.0,1381.800048828125,1376.5,1378.5999755859375,1277122,1499.0,1502.0999755859375,1493.0999755859375,1495.199951171875,988535,1519.4000244140625,1520.800048828125,1516.5,1516.9000244140625,674405
2025-11-17 11:15:00+05:30,989.9500122070312,992.5,989.0999755859375,991.75,1816511,3095.0,3107.0,3092.89990234375,3103.0,289850,1378.5999755859375,1379.800048828125,1376.5,1379.199951171875,669160,1495.0999755859375,1501.699951171875,1494.300048828125,1500.0,1224239,1516.9000244140625,1517.0,1511.5,1514.5,772998
2025-11-17 12:15:00+05:30,991.7000122070312,994.5,990.4500122070312,993.6500244140625,2186757,3103.0,3107.5,3098.0,3103.89990234375,207582,1379.199951171875,1381.300048828125,1378.5999755859375,1379.800048828125,858671,1500.0,1504.9000244140625,1498.199951171875,1502.300048828125,953500,1514.5,1516.199951171875,1512.699951171875,1513.0,612283
2025-11-17 13:15:00+05:30,993.6500244140625,997.9500122070312,992.75,996.8499755859375,2684128,3103.699951171875,3112.0,3103.0,3107.0,274546,1380.0,1380.5,1377.5999755859375,1378.5,1237229,1502.5999755859375,1509.800048828125,1500.199951171875,1506.699951171875,966180,1513.0,1517.4000244140625,1512.800048828125,1516.0,706688
2025-11-17 14:15:00+05:30,996.8499755859375,997.0,994.1500244140625,996.7999877929688,4713342,3105.800048828125,3110.0,3101.199951171875,3105.0,404554,1378.5,1379.5999755859375,1377.5,1378.5999755859375,1762270,1506.699951171875,1509.0,1503.5999755859375,1508.300048828125,1505953,1516.0,1518.5,1513.800048828125,1518.0,1683864
2025-11-17 15:15:00+05:30,996.7999877929688,997.2000122070312,995.75,996.5499877929688,3310953,3105.0,3105.60009765625,3094.800048828125,3100.0,213399,1378.699951171875,1380.0,1378.0999755859375,1379.0,996500,1508.300048828125,1509.800048828125,1506.0,1507.5999755859375,897809,1517.9000244140625,1519.699951171875,1517.9000244140625,1518.0,648303
2025-11-18 09:15:00+05:30,997.4500122070312,998.6500244140625,993.0,993.6500244140625,0,3104.800048828125,3104.800048828125,3079.5,3085.5,0,1380.199951171875,1380.199951171875,1373.5,1376.0,0,1502.4000244140625,1504.199951171875,1489.0999755859375,1490.0,0,1520.5,1520.5,1510.5,1514.0,0
2025-11-18 10:15:00+05:30,993.7999877929688,997.0,993.3499755859375,995.9000244140625,1423740,3085.5,3092.800048828125,3081.199951171875,3091.0,169098,1376.0,1378.699951171875,1374.5,1376.5,512148,1490.0,1492.0999755859375,1488.0,1490.9000244140625,433084,1513.800048828125,1516.699951171875,1511.5999755859375,1514.0,737021
2025-11-18 11:15:00+05:30,995.9000244140625,997.4500122070312,993.9000244140625,996.0,1445835,3091.0,3096.39990234375,3086.300048828125,3092.89990234375,275452,1376.699951171875,1378.0,1375.0999755859375,1376.0,612003,1490.9000244140625,1495.0,1490.800048828125,1491.5999755859375,527526,1514.0,1522.300048828125,1513.800048828125,1520.0,837111
2025-11-18 12:15:00+05:30,996.0,996.5999755859375,993.6500244140625,994.0,2675349,3092.89990234375,3095.699951171875,3084.0,3092.800048828125,250276,1375.800048828125,1376.300048828125,1372.800048828125,1373.5,1467433,1491.800048828125,1492.5,1485.5999755859375,1487.0999755859375,1009590,1519.9000244140625,1523.300048828125,1516.4000244140625,1522.0,1849511
2025-11-18 13:15:00+05:30,993.9500122070312,996.5499877929688,993.75,995.7000122070312,2643756,3093.89990234375,3099.800048828125,3090.300048828125,3093.89990234375,494357,1373.9000244140625,1375.699951171875,1373.5,1374.9000244140625,1210488,1487.300048828125,1493.4000244140625,1487.0999755859375,1491.5,885715,1522.0,1527.699951171875,1522.0,1526.300048828125,1753380
2025-11-18 14:15:00+05:30,995.7000122070312,996.5499877929688,991.75,991.9500122070312,6299585,3093.89990234375,3098.300048828125,3084.0,3084.0,699303,1374.800048828125,1377.199951171875,1371.4000244140625,1371.9000244140625,3387395,1491.5999755859375,1492.5,1484.300048828125,1484.5,2510465,1526.0999755859375,1527.4000244140625,1516.4000244140625,1516.5,3233431
2025-11-18 15:15:00+05:30,991.8499755859375,992.75,990.0,990.7000122070312,2266972,3084.10009765625,3087.10009765625,3078.5,3087.10009765625,273025,1371.5,1374.4000244140625,1369.0999755859375,1370.5999755859375,1272896,1484.5,1487.300048828125,1483.300048828125,1486.800048828125,1070084,1516.5999755859375,1520.0,1515.699951171875,1519.199951171875,1124303
2025-11-19 09:15:00+05:30,990.6500244140625,990.6500244140625,984.25,986.9000244140625,0,3099.89990234375,3133.5,3087.199951171875,3130.699951171875,0,1374.800048828125,1378.300048828125,1372.0,1376.199951171875,0,1497.0,1531.0,1495.4000244140625,1528.0,0,1518.5,1520.699951171875,1515.0,1520.199951171875,0
2025-11-19 10:15:00+05:30,986.7999877929688,988.2999877929688,984.4500122070312,984.5,1589606,3130.89990234375,3149.0,3129.300048828125,3137.5,567429,1376.0999755859375,1378.300048828125,1375.0999755859375,1376.4000244140625,1050977,1527.9000244140625,1541.5,1527.5,1537.699951171875,2330307,1520.5,1520.5999755859375,1513.5,1514.4000244140625,575340
2025-11-19 11:15:00+05:30,984.5499877929688,987.5999755859375,984.0,987.2999877929688,1722113,3138.0,3149.89990234375,3135.699951171875,3147.60009765625,294270,1376.5,1379.9000244140625,1376.0,1378.699951171875,743478,1537.5,1542.5999755859375,1536.0,1538.0,1169124,1514.4000244140625,1518.5999755859375,1512.0999755859375,1517.199951171875,507854
2025-11-19 12:15:00+05:30,987.25,988.7999877929688,986.4500122070312,988.2999877929688,1902194,3147.39990234375,3148.39990234375,3138.10009765625,3145.89990234375,184112,1379.0,1381.9000244140625,1378.5999755859375,1380.9000244140625,1153843,1538.0,1540.5,1533.0,1535.5,721122,1517.5,1521.9000244140625,1517.5,1520.0,686880
2025-11-19 13:15:00+05:30,988.2000122070312,990.0499877929688,986.3499755859375,989.5,3208480,3145.0,3148.699951171875,3140.5,3144.0,227325,1380.9000244140625,1381.0,1377.199951171875,1380.300048828125,1791540,1535.699951171875,1539.0,1533.199951171875,1538.699951171875,620183,1520.199951171875,1520.9000244140625,1516.699951171875,1520.0999755859375,1037443
2025-11-19 14:15:00+05:30,989.5,996.5,989.2999877929688,994.8499755859375,5517222,3144.0,3154.89990234375,3139.89990234375,3148.89990234375,735030,1380.0,1384.0,1379.9000244140625,1383.300048828125,3234807,1539.300048828125,1542.800048828125,1537.5999755859375,1541.5999755859375,2056940,1520.0999755859375,1522.300048828125,1518.300048828125,1519.0999755859375,1494482
2025-11-19 15:15:00+05:30,994.9000244140625,995.0,992.9500122070312,994.5999755859375,1586491,3148.800048828125,3149.0,3143.39990234375,3145.0,257920,1383.4000244140625,1383.5,1382.699951171875,1383.4000244140625,710840,1541.5,1543.0,1540.199951171875,1543.0,821600,1519.199951171875,1519.5999755859375,1518.0999755859375,1518.9000244140625,638248
2025-11-20 09:15:00+05:30,994.0,996.7999877929688,992.5999755859375,995.2999877929688,0,3149.800048828125,3162.5,3142.10009765625,3152.89990234375,0,1380.0,1382.0,1375.4000244140625,1381.300048828125,0,1550.199951171875,1552.5,1534.300048828125,1540.199951171875,0,1527.199951171875,1539.0999755859375,1527.199951171875,1531.800048828125,0
2025-11-20 10:15:00+05:30,995.2999877929688,997.75,994.5499877929688,997.5999755859375,1993044,3153.0,3164.5,3152.39990234375,3153.0,238903,1381.199951171875,1382.5,1377.5,1380.4000244140625,1456106,1540.300048828125,1545.5,1538.5999755859375,1539.800048828125,953870,1531.800048828125,1542.4000244140625,1531.199951171875,1539.199951171875,2654563
2025-11-20 11:15:00+05:30,997.5499877929688,999.0,997.4000244140625,998.75,1395630,3152.800048828125,3154.0,3147.0,3150.0,216102,1380.199951171875,1382.4000244140625,1379.5,1380.9000244140625,801328,1539.699951171875,1540.0999755859375,1535.0,1535.9000244140625,537422,1539.5999755859375,1545.9000244140625,1539.4000244140625,1544.4000244140625,1500312
2025-11-20 12:15:00+05:30,998.75,1008.2999877929688,997.8499755859375,1005.0,3323846,3150.0,3152.39990234375,3145.10009765625,3150.10009765625,215721,1380.800048828125,1381.4000244140625,1378.5,1380.699951171875,1244873,1535.800048828125,1540.0,1535.5,1537.300048828125,650981,1544.4000244140625,1548.0,1542.9000244140625,1545.0,1973006
2025-11-20 13:15:00+05:30,1005.0999755859375,1008.5999755859375,1005.0,1007.6500244140625,2203143,3150.10009765625,3159.0,3149.5,3158.800048828125,416278,1380.699951171875,1387.0,1379.800048828125,1385.199951171875,1031623,1538.0999755859375,1540.699951171875,1536.199951171875,1540.0,749092,1545.0,1549.0,1544.5,1549.0,2168536
2025-11-20 14:15:00+05:30,1007.6500244140625,1011.5,1007.4500122070312,1008.7000122070312,6511842,3158.800048828125,3160.89990234375,3138.5,3148.89990234375,774161,1385.0,1388.300048828125,1381.4000244140625,1383.0999755859375,2389884,1540.0,1541.199951171875,1534.0,1538.199951171875,1868721,1548.9000244140625,1550.5999755859375,1545.9000244140625,1549.5999755859375,5585784
2025-11-20 15:15:00+05:30,1008.7000122070312,1010.0,1008.2000122070312,1008.8499755859375,1463022,3148.89990234375,3151.5,3142.5,3144.800048828125,208587,1383.300048828125,1383.5999755859375,1382.0,1382.0,707315,1537.699951171875,1538.4000244140625,1535.0,1536.300048828125,531841,1549.5,1550.5999755859375,1548.199951171875,1549.5,1136747
2025-11-21 09:15:00+05:30,1003.0,1008.2999877929688,999.2000122070312,999.2999877929688,0,3142.10009765625,3169.89990234375,3135.89990234375,3145.800048828125,0,1375.9000244140625,1375.9000244140625,1364.800048828125,1368.699951171875,0,1529.4000244140625,1540.800048828125,1527.9000244140625,1532.699951171875,0,1542.9000244140625,1557.699951171875,1540.4000244140625,1548.800048828125,0
2025-11-21 10:15:00+05:30,999.2999877929688,999.3499755859375,996.6500244140625,998.5999755859375,1664085,3145.699951171875,3155.0,3140.199951171875,3150.5,607098,1368.699951171875,1370.5,1366.199951171875,1370.4000244140625,3092756,1533.0999755859375,1547.0,1532.5,1546.4000244140625,844172,1548.800048828125,1552.0,1545.5999755859375,1551.800048828125,853233
2025-11-21 11:15:00+05:30,998.5999755859375,1001.4500122070312,997.5499877929688,1001.25,2339206,3150.5,3158.0,3146.699951171875,3152.800048828125,559205,1370.4000244140625,1370.5,1367.9000244140625,1369.800048828125,1778979,1546.5,1548.9000244140625,1540.0,1545.5,759660,1551.800048828125,1551.800048828125,1541.199951171875,1546.699951171875,1263766
2025-11-21 12:15:00+05:30,1001.2999877929688,1004.9500122070312,1000.5999755859375,1001.4000244140625,3511273,3153.300048828125,3159.0,3151.10009765625,3157.0,452915,1369.800048828125,1372.5,1368.5999755859375,1371.0999755859375,1541157,1545.300048828125,1551.0,1545.0,1546.4000244140625,1420479,1546.5,1554.800048828125,1546.5,1550.0999755859375,1936297
2025-11-21 13:15:00+05:30,1001.4000244140625,1002.3499755859375,999.1500244140625,1001.9500122070312,2084240,3157.0,3165.60009765625,3151.0,3165.10009765625,443425,1371.199951171875,1371.699951171875,1365.5,1368.699951171875,1096514,1546.5999755859375,1550.5,1544.699951171875,1550.4000244140625,1194755,1550.199951171875,1551.699951171875,1545.300048828125,1551.199951171875,1045779
2025-11-21 14:15:00+05:30,1002.0,1002.9500122070312,997.1500244140625,998.0999755859375,2792601,3165.10009765625,3166.0,3148.199951171875,3150.0,631706,1368.699951171875,1370.4000244140625,1367.0,1370.300048828125,1235409,1550.4000244140625,1551.5,1540.199951171875,1544.9000244140625,2628302,1551.300048828125,1553.5999755859375,1547.199951171875,1548.0,1094891
2025-11-21 15:15:00+05:30,998.0999755859375,998.7000122070312,997.3499755859375,998.0499877929688,1490162,3150.199951171875,3154.5,3146.39990234375,3150.60009765625,316642,1370.4000244140625,1370.4000244140625,1367.5,1369.0,414164,1545.0,1546.4000244140625,1543.300048828125,1544.0999755859375,991302,1547.9000244140625,1548.0,1543.0999755859375,1543.699951171875,633610
2025-11-24 09:15:00+05:30,1001.2999877929688,1004.2999877929688,1000.2000122070312,1003.9500122070312,0,3158.60009765625,3178.699951171875,3148.39990234375,3153.800048828125,0,1373.5,1376.0,1366.0,1368.0,0,1567.9000244140625,1585.0,1564.0999755859375,1571.800048828125,0,1550.0,1550.0,1541.0999755859375,1545.0,0
2025-11-24 10:15:00+05:30,1003.9500122070312,1009.25,1003.25,1008.2000122070312,1489495,3153.800048828125,3156.0,3141.10009765625,3151.300048828125,353486,1368.0,1372.199951171875,1367.4000244140625,1370.9000244140625,611697,1571.9000244140625,1574.0,1563.5,1564.0,1462286,1545.0,1545.0,1533.5,1534.699951171875,1739529
2025-11-24 11:15:00+05:30,1008.2000122070312,1011.2999877929688,1006.5999755859375,1007.4000244140625,1750539,3150.800048828125,3154.0,3143.10009765625,3150.300048828125,272250,1370.5999755859375,1374.800048828125,1370.0,1370.9000244140625,903505,1564.0,1565.9000244140625,1556.5,1562.699951171875,1034013,1534.800048828125,1538.9000244140625,1533.4000244140625,1533.699951171875,1192983
2025-11-24 12:15:00+05:30,1007.4000244140625,1009.4000244140625,1005.0499877929688,1007.4500122070312,2206122,3150.300048828125,3166.60009765625,3150.0,3166.300048828125,357307,1370.9000244140625,1373.4000244140625,1370.0,1373.0,1545744,1562.5999755859375,1566.9000244140625,1559.300048828125,1562.0999755859375,1430964,1533.5999755859375,1539.0,1533.300048828125,1538.5999755859375,1451746
2025-11-24 13:15:00+05:30,1007.5,1009.0,1005.5999755859375,1007.6500244140625,1819569,3166.300048828125,3177.0,3165.0,3172.0,742498,1373.0999755859375,1374.199951171875,1370.5,1372.5999755859375,1575227,1562.0999755859375,1563.199951171875,1553.199951171875,1558.5,1918155,1538.699951171875,1540.0,1535.5,1537.9000244140625,1295677
2025-11-24 14:15:00+05:30,1007.6500244140625,1008.0,997.7000122070312,997.8499755859375,13004725,3171.39990234375,3172.5,3137.300048828125,3139.60009765625,2331130,1372.0999755859375,1374.199951171875,1367.9000244140625,1370.0,5739551,1558.5,1560.4000244140625,1546.300048828125,1547.199951171875,5768717,1537.699951171875,1544.4000244140625,1533.699951171875,1535.4000244140625,7159302
2025-11-24 15:15:00+05:30,997.8499755859375,999.3499755859375,994.6500244140625,999.1500244140625,9178069,3139.5,3139.60009765625,3132.199951171875,3136.0,1605439,1369.9000244140625,1369.9000244140625,1361.9000244140625,1366.0,4327821,1547.300048828125,1550.5,1541.5999755859375,1546.5999755859375,3811834,1535.4000244140625,1536.4000244140625,1531.800048828125,1534.800048828125,4256748
2025-11-25 09:15:00+05:30,1003.7000122070312,1005.0,994.75,999.0499877929688,0,3145.300048828125,3145.60009765625,3131.0,3134.800048828125,0,1365.0,1374.5,1358.5,1374.199951171875,0,1546.199951171875,1546.199951171875,1535.0,1537.800048828125,0,1535.9000244140625,1559.5999755859375,1525.199951171875,1555.800048828125,0
2025-11-25 10:15:00+05:30,999.0999755859375,999.0999755859375,991.75,993.75,1527707,3134.10009765625,3136.300048828125,3121.699951171875,3122.300048828125,379588,1374.199951171875,1376.800048828125,1362.199951171875,1362.300048828125,874020,1537.9000244140625,1537.9000244140625,1528.300048828125,1529.0,550175,1555.9000244140625,1557.0,1547.699951171875,1550.0,1299356
2025-11-25 11:15:00+05:30,993.7999877929688,997.7000122070312,992.75,995.75,2046602,3122.300048828125,3135.800048828125,3121.5,3133.60009765625,405985,1362.5999755859375,1366.800048828125,1362.199951171875,1366.699951171875,1266179,1529.0,1533.4000244140625,1528.5,1530.5,846983,1550.0,1554.0,1544.0999755859375,1545.300048828125,1858262
2025-11-25 12:15:00+05:30,995.7000122070312,997.9500122070312,992.9000244140625,995.8499755859375,3214729,3133.60009765625,3139.10009765625,3122.5,3136.699951171875,324965,1366.5999755859375,1366.800048828125,1361.800048828125,1363.4000244140625,1318651,1530.699951171875,1532.800048828125,1526.0999755859375,1531.699951171875,1322778,1545.5999755859375,1552.5,1543.5999755859375,1548.4000244140625,1854508
2025-11-25 13:15:00+05:30,995.9500122070312,1000.75,995.75,1000.2000122070312,3766706,3136.39990234375,3136.800048828125,3122.60009765625,3123.89990234375,175337,1363.4000244140625,1365.199951171875,1360.300048828125,1364.300048828125,1605135,1531.9000244140625,1537.5,1527.5,1536.4000244140625,1322003,1548.5,1551.300048828125,1547.5,1550.199951171875,1566843
2025-11-25 14:15:00+05:30,1000.1500244140625,1000.2000122070312,988.4000244140625,989.8499755859375,8241429,3123.699951171875,3126.800048828125,3115.0,3120.5,742594,1364.4000244140625,1364.9000244140625,1354.4000244140625,1357.800048828125,4347152,1536.4000244140625,1536.5,1527.0,1530.5999755859375,2193212,1550.199951171875,1550.300048828125,1537.4000244140625,1539.0,3955273
2025-11-25 15:15:00+05:30,989.7000122070312,990.3499755859375,988.6500244140625,989.3499755859375,2694781,3120.39990234375,3121.89990234375,3116.60009765625,3116.60009765625,311547,1357.800048828125,1359.5,1356.0999755859375,1357.800048828125,1069227,1530.5999755859375,1531.0,1529.0,1530.5999755859375,829179,1539.300048828125,1543.0999755859375,1538.199951171875,1540.699951171875,1376780
2025-11-26 09:15:00+05:30,983.5499877929688,1001.0,983.5499877929688,1000.5,0,3118.800048828125,3141.0,3118.5,3140.5,0,1360.0,1368.5,1360.0,1366.300048828125,0,1532.0999755859375,1547.4000244140625,1532.0999755859375,1544.300048828125,0,1542.4000244140625,1554.699951171875,1541.300048828125,1551.199951171875,0
2025-11-26 10:15:00+05:30,1000.25,1000.9500122070312,997.4000244140625,1000.0,1602292,3140.300048828125,3153.89990234375,3140.0,3153.199951171875,246015,1366.5,1368.5,1362.0,1368.0,1151799,1544.300048828125,1544.9000244140625,1538.699951171875,1543.9000244140625,370452,1551.4000244140625,1563.0,1550.5999755859375,1560.4000244140625,1741158
2025-11-26 11:15:00+05:30,1000.0,1002.0,999.2999877929688,1001.6500244140625,1307539,3153.89990234375,3169.39990234375,3153.89990234375,3168.5,239400,1367.9000244140625,1369.800048828125,1366.800048828125,1368.699951171875,896510,1544.0,1549.199951171875,1542.199951171875,1545.9000244140625,592686,1561.199951171875,1564.199951171875,1559.0999755859375,1563.699951171875,1414777
2025-11-26 12:15:00+05:30,1001.7000122070312,1004.1500244140625,1000.75,1003.9500122070312,1482120,3168.5,3175.0,3166.60009765625,3172.800048828125,180070,1368.9000244140625,1372.5,1367.5999755859375,1371.800048828125,828301,1545.9000244140625,1551.0,1543.199951171875,1550.0,793133,1563.699951171875,1568.699951171875,1562.800048828125,1565.9000244140625,1507442
2025-11-26 13:15:00+05:30,1003.9000244140625,1006.9500122070312,1002.3499755859375,1004.9500122070312,3497395,3172.699951171875,3178.0,3165.39990234375,3172.800048828125,321756,1371.699951171875,1372.5,1367.800048828125,1370.0,1573098,1550.0999755859375,1554.699951171875,1549.199951171875,1553.9000244140625,1007371,1565.800048828125,1568.9000244140625,1560.0999755859375,1567.9000244140625,2392442
2025-11-26 14:15:00+05:30,1005.0,1005.0,1002.5499877929688,1004.4000244140625,4945912,3172.800048828125,3173.60009765625,3156.300048828125,3160.89990234375,770038,1370.0999755859375,1377.0,1368.699951171875,1375.5,2884826,1553.800048828125,1559.5,1552.0,1558.0999755859375,2346472,1567.9000244140625,1571.199951171875,1565.0999755859375,1569.800048828125,4124193
2025-11-26 15:15:00+05:30,1004.25,1005.0,1003.4000244140625,1003.9000244140625,1344790,3160.89990234375,3169.800048828125,3159.60009765625,3162.89990234375,344768,1375.5,1375.800048828125,1374.699951171875,1375.0,629733,1558.0999755859375,1560.300048828125,1556.5999755859375,1557.199951171875,1171698,1569.699951171875,1571.0,1568.199951171875,1569.9000244140625,1012069
2025-11-27 09:15:00+05:30,1002.0999755859375,1016.7999877929688,1001.7999877929688,1015.4000244140625,0,3178.0,3178.89990234375,3148.5,3164.60009765625,0,1379.0,1389.4000244140625,1375.800048828125,1389.0,0,1563.0,1574.199951171875,1553.5999755859375,1569.0,0,1575.0,1575.0,1565.0999755859375,1568.0,0
2025-11-27 10:15:00+05:30,1015.6500244140625,1016.7999877929688,1013.3499755859375,1015.5499877929688,3995328,3164.39990234375,3164.60009765625,3155.10009765625,3157.5,302753,1389.699951171875,1392.5999755859375,1383.300048828125,1392.0,1723986,1569.0,1570.0,1564.5,1565.699951171875,620115,1568.0,1570.0,1564.0,1564.5,1053120
2025-11-27 11:15:00+05:30,1015.5499877929688,1016.0,1010.5499877929688,1012.25,2402774,3158.699951171875,3159.199951171875,3145.0,3145.699951171875,251005,1392.300048828125,1393.199951171875,1385.9000244140625,1388.300048828125,2586161,1565.699951171875,1566.300048828125,1561.0,1563.800048828125,792982,1564.5,1565.0,1561.199951171875,1563.800048828125,967095
2025-11-27 12:15:00+05:30,1012.4500122070312,1013.9000244140625,1009.0499877929688,1009.5,1934877,3145.699951171875,3146.0,3129.0,3130.0,388684,1388.300048828125,1390.9000244140625,1386.0,1386.300048828125,1240510,1563.5999755859375,1565.0,1554.199951171875,1556.0,670865,1563.9000244140625,1564.0999755859375,1560.5,1561.0,950579
2025-11-27 13:15:00+05:30,1009.4500122070312,1012.5,1006.4000244140625,1011.4000244140625,2851627,3130.0,3133.0,3125.0,3127.699951171875,296511,1386.0999755859375,1390.0,1383.5999755859375,1389.5999755859375,1758180,1556.0,1559.5999755859375,1552.199951171875,1558.4000244140625,637570,1561.0,1561.5999755859375,1556.0,1557.5999755859375,1116175
2025-11-27 14:15:00+05:30,1011.3499755859375,1013.2999877929688,1008.3499755859375,1009.1500244140625,5825401,3127.39990234375,3144.0,3127.10009765625,3135.0,827502,1389.699951171875,1393.0,1388.800048828125,1391.9000244140625,3596327,1558.4000244140625,1568.300048828125,1557.5999755859375,1565.4000244140625,2119706,1557.5999755859375,1566.199951171875,1557.0,1565.199951171875,2886114
2025-11-27 15:15:00+05:30,1009.0999755859375,1010.3499755859375,1008.2000122070312,1009.2000122070312,1261943,3134.60009765625,3139.0,3132.699951171875,3135.0,235320,1391.9000244140625,1394.0,1391.199951171875,1393.699951171875,957729,1565.4000244140625,1568.699951171875,1564.300048828125,1565.0,706172,1565.4000244140625,1569.4000244140625,1564.0999755859375,1564.800048828125,651914
2025-11-28 09:15:00+05:30,1007.0999755859375,1008.0,1004.2999877929688,1005.9500122070312,0,3140.0,3147.300048828125,3125.0,3141.0,0,1391.800048828125,1398.0999755859375,1389.0,1392.9000244140625,0,1563.5999755859375,1568.199951171875,1558.0999755859375,1563.4000244140625,0,1567.800048828125,1579.199951171875,1563.0,1575.0,0
2025-11-28 10:15:00+05:30,1005.9500122070312,1011.6500244140625,1005.3499755859375,1011.0499877929688,3025696,3141.10009765625,3144.39990234375,3130.300048828125,3139.5,221822,1392.5,1395.9000244140625,1390.199951171875,1392.800048828125,1782402,1563.5,1564.4000244140625,1557.0,1563.4000244140625,384064,1575.4000244140625,1581.199951171875,1571.5,1575.0999755859375,1271648
2025-11-28 11:15:00+05:30,1010.8499755859375,1011.2999877929688,1008.0499877929688,1009.3499755859375,1810519,3139.199951171875,3139.5,3129.0,3136.89990234375,203948,1392.800048828125,1393.5999755859375,1386.800048828125,1387.9000244140625,706956,1563.5,1563.9000244140625,1560.0,1562.0,507685,1575.0999755859375,1575.800048828125,1571.0,1571.5,960448
2025-11-28 12:15:00+05:30,1009.3499755859375,1012.0,1008.75,1010.1500244140625,1626364,3136.199951171875,3144.0,3133.10009765625,3141.5,138068,1387.9000244140625,1389.5,1386.5,1388.0,909760,1562.0,1563.800048828125,1559.0999755859375,1563.5999755859375,652121,1571.5,1572.800048828125,1570.0,1570.300048828125,840099
2025-11-28 13:15:00+05:30,1010.0999755859375,1011.2000122070312,1007.7999877929688,1008.5499877929688,1781626,3141.39990234375,3145.60009765625,3140.60009765625,3141.199951171875,138882,1388.0,1389.4000244140625,1386.0,1388.199951171875,800134,1563.5999755859375,1566.0,1561.699951171875,1562.699951171875,871068,1570.199951171875,1573.800048828125,1567.300048828125,1568.5999755859375,1355082
2025-11-28 14:15:00+05:30,1008.5,1011.0999755859375,1006.7999877929688,1007.2000122070312,4027239,3140.60009765625,3145.0,3138.39990234375,3142.199951171875,272779,1388.0999755859375,1390.0,1386.5,1388.300048828125,1654932,1562.800048828125,1564.800048828125,1559.5,1559.5,1060891,1568.5999755859375,1570.5999755859375,1566.5999755859375,1567.199951171875,1645468
2025-11-28 15:15:00+05:30,1007.2000122070312,1008.0,1006.4500122070312,1007.7000122070312,1710988,3142.199951171875,3144.199951171875,3129.39990234375,3135.89990234375,327094,1388.300048828125,1390.0,1387.9000244140625,1388.4000244140625,866602,1559.5999755859375,1561.199951171875,1558.0,1560.0,532898,1567.199951171875,1570.0999755859375,1565.9000244140625,1568.199951171875,699666
2025-12-01 09:15:00+05:30,1016.9000244140625,1016.9000244140625,1008.2000122070312,1009.0,0,3139.0,3154.0,3133.0,3141.0,0,1393.9000244140625,1398.199951171875,1389.0,1398.199951171875,0,1563.300048828125,1573.800048828125,1556.5999755859375,1562.300048828125,0,1574.9000244140625,1577.199951171875,1570.0,1573.0,0
2025-12-01 10:15:00+05:30,1008.9000244140625,1009.2999877929688,1006.0999755859375,1008.7000122070312,1040669,3141.300048828125,3141.60009765625,3130.39990234375,3134.0,134683,1398.0,1399.699951171875,1393.5,1395.800048828125,2046323,1562.0,1563.300048828125,1558.0,1561.800048828125,228271,1572.699951171875,1576.300048828125,1571.5,1573.800048828125,452977
2025-12-01 11:15:00+05:30,1008.2999877929688,1009.2999877929688,1001.7999877929688,1002.5,2332354,3134.39990234375,3141.800048828125,3131.300048828125,3136.89990234375,197540,1395.5999755859375,1396.9000244140625,1390.0999755859375,1391.0,522002,1561.800048828125,1563.0,1558.699951171875,1561.0999755859375,471040,1573.5999755859375,1577.0,1572.0999755859375,1573.0999755859375,1322834
2025-12-01 12:15:00+05:30,1002.5,1003.7000122070312,999.2999877929688,1003.0999755859375,3125034,3136.89990234375,3139.89990234375,3130.0,3131.300048828125,169772,1391.5,1393.5999755859375,1390.199951171875,1393.300048828125,1247728,1561.0999755859375,1564.199951171875,1558.4000244140625,1561.5,1085731,1573.0999755859375,1575.0,1570.699951171875,1572.5999755859375,2034512
2025-12-01 13:15:00+05:30,1002.9000244140625,1006.2999877929688,1002.2999877929688,1005.2999877929688,2081450,3130.89990234375,3134.10009765625,3122.300048828125,3127.0,409108,1393.4000244140625,1393.4000244140625,1389.199951171875,1391.300048828125,987670,1561.5,1568.9000244140625,1560.199951171875,1566.699951171875,783293,1572.5,1574.699951171875,1570.300048828125,1574.0,901319
2025-12-01 14:15:00+05:30,1005.4000244140625,1005.5,1000.4000244140625,1002.2000122070312,3256309,3126.300048828125,3135.699951171875,3123.10009765625,3134.0,444268,1391.300048828125,1391.300048828125,1385.4000244140625,1390.699951171875,1615385,1566.800048828125,1568.800048828125,1563.0999755859375,1563.800048828125,1180447,1574.0,1574.0,1563.699951171875,1565.0,2348369
2025-12-01 15:15:00+05:30,1002.2000122070312,1003.2999877929688,1001.2000122070312,1002.9000244140625,1178955,3134.39990234375,3138.89990234375,3132.199951171875,3135.10009765625,105505,1390.5,1391.0,1388.4000244140625,1390.199951171875,637778,1563.800048828125,1563.800048828125,1561.4000244140625,1563.5999755859375,515619,1565.0,1568.5,1564.800048828125,1566.0,677365
2025-12-02 09:15:00+05:30,986.0999755859375,992.2000122070312,985.7000122070312,990.5999755859375,0,3132.0,3139.89990234375,3125.0,3127.60009765625,0,1381.0,1381.0,1370.699951171875,1373.0,0,1565.9000244140625,1579.5,1564.800048828125,1565.800048828125,0,1561.9000244140625,1566.699951171875,1556.5,1557.5,0
2025-12-02 10:15:00+05:30,990.5,993.4000244140625,989.0999755859375,992.2999877929688,3491533,3127.39990234375,3141.0,3126.0,3128.5,294935,1373.0,1379.4000244140625,1372.5999755859375,1375.0999755859375,1371065,1566.0,1569.0,1564.699951171875,1567.300048828125,785221,1557.5,1558.800048828125,1552.9000244140625,1553.0999755859375,1137579
2025-12-02 11:15:00+05:30,992.2999877929688,994.4000244140625,991.7000122070312,993.5,2334632,3128.699951171875,3138.0,3120.5,3137.0,260527,1375.199951171875,1377.5,1372.0,1373.4000244140625,1104398,1567.4000244140625,1567.4000244140625,1562.0999755859375,1565.0,511806,1553.4000244140625,1553.5999755859375,1550.9000244140625,1552.699951171875,1320397
2025-12-02 12:15:00+05:30,993.5,993.7000122070312,989.5999755859375,990.0,2457273,3137.0,3144.0,3134.39990234375,3135.60009765625,259133,1373.5,1378.4000244140625,1372.5999755859375,1375.5,910220,1564.9000244140625,1571.0,1561.5999755859375,1563.0,520129,1552.699951171875,1553.300048828125,1547.800048828125,1548.199951171875,1282293
2025-12-02 13:15:00+05:30,990.0,992.5,989.4000244140625,991.9000244140625,2775564,3135.60009765625,3141.0,3133.5,3138.0,259182,1375.5,1377.199951171875,1374.5,1374.5999755859375,963482,1562.9000244140625,1563.800048828125,1560.0999755859375,1560.5,612900,1548.199951171875,1549.4000244140625,1544.300048828125,1546.199951171875,1630752
2025-12-02 14:15:00+05:30,991.9000244140625,993.2000122070312,988.7000122070312,988.9000244140625,5892980,3138.0,3139.39990234375,3128.300048828125,3135.89990234375,621412,1374.5,1375.800048828125,1372.5999755859375,1372.9000244140625,3099978,1560.5,1561.0,1556.0999755859375,1559.199951171875,1892237,1546.300048828125,1546.5,1542.0999755859375,1545.9000244140625,2860904
2025-12-02 15:15:00+05:30,989.0,991.7999877929688,988.9000244140625,991.0,2386057,3136.0,3138.39990234375,3131.199951171875,3137.5,303178,1373.0,1373.800048828125,1371.5,1373.0,1764760,1559.199951171875,1567.0999755859375,1559.199951171875,1561.0,860798,1545.9000244140625,1549.5999755859375,1544.9000244140625,1549.0,1176153
2025-12-03 09:15:00+05:30,988.0,992.7999877929688,987.7999877929688,991.7999877929688,0,3143.39990234375,3177.39990234375,3141.89990234375,3165.0,0,1368.0,1378.199951171875,1368.0,1372.9000244140625,0,1555.0999755859375,1575.800048828125,1555.0999755859375,1564.800048828125,0,1544.9000244140625,1552.4000244140625,1538.0,1540.300048828125,0
2025-12-03 10:15:00+05:30,992.0,992.2999877929688,989.5999755859375,991.2999877929688,2319642,3165.5,3196.800048828125,3165.5,3190.39990234375,780550,1372.800048828125,1378.9000244140625,1372.0,1377.5,1027914,1565.4000244140625,1580.0,1562.800048828125,1578.5,2520105,1540.699951171875,1541.699951171875,1535.9000244140625,1537.0,688780
2025-12-03 11:15:00+05:30,991.4000244140625,994.4000244140625,990.0,992.4000244140625,2318326,3190.39990234375,3211.5,3187.5,3202.699951171875,816740,1377.4000244140625,1386.4000244140625,1377.0,1385.9000244140625,854129,1578.300048828125,1585.699951171875,1577.0,1578.5,1714759,1537.0999755859375,1539.0,1533.300048828125,1538.699951171875,625795
2025-12-03 12:15:00+05:30,992.7999877929688,993.5,991.2999877929688,991.7999877929688,1115870,3202.699951171875,3210.0,3175.10009765625,3182.0,557021,1385.9000244140625,1386.9000244140625,1381.0,1382.199951171875,654139,1578.0999755859375,1579.5,1570.0,1576.0999755859375,1378648,1538.699951171875,1540.0,1537.0999755859375,1537.800048828125,454663
2025-12-03 13:15:00+05:30,991.5999755859375,994.9000244140625,991.2999877929688,993.4000244140625,1804743,3182.0,3195.300048828125,3178.0,3183.199951171875,507327,1382.199951171875,1387.0,1381.5,1387.0,1597669,1576.0999755859375,1576.800048828125,1571.4000244140625,1573.5,1122455,1537.800048828125,1541.5,1536.0,1541.199951171875,685539
2025-12-03 14:15:00+05:30,993.4000244140625,1001.7999877929688,993.4000244140625,1001.2000122070312,3558894,3183.199951171875,3184.800048828125,3177.0,3182.300048828125,448892,1387.0,1392.9000244140625,1385.800048828125,1392.199951171875,1803406,1573.199951171875,1581.9000244140625,1572.0999755859375,1577.699951171875,2328551,1541.0,1542.0,1536.800048828125,1538.699951171875,1661717
2025-12-03 15:15:00+05:30,1001.2999877929688,1002.2999877929688,999.7999877929688,1000.0,1503515,3182.300048828125,3182.39990234375,3174.5,3180.0,230050,1392.199951171875,1393.699951171875,1390.0,1390.0,705464,1577.699951171875,1577.800048828125,1575.0,1575.5999755859375,731052,1538.699951171875,1541.0,1537.9000244140625,1539.0999755859375,938611
2025-12-04 09:15:00+05:30,999.0,1003.0,997.0,1002.0999755859375,0,3189.0,3243.60009765625,3189.0,3240.0,0,1389.5,1391.5999755859375,1382.5,1386.699951171875,0,1572.9000244140625,1594.0,1572.9000244140625,1593.699951171875,0,1538.9000244140625,1551.0,1536.5,1550.800048828125,0
2025-12-04 10:15:00+05:30,1002.0999755859375,1004.7000122070312,1001.5999755859375,1003.0,1424636,3240.0,3244.0,3234.0,3240.60009765625,771321,1386.5,1388.9000244140625,1385.5999755859375,1386.5,522941,1593.699951171875,1594.5,1588.0,1593.800048828125,832302,1550.800048828125,1560.0,1548.699951171875,1559.9000244140625,1148817
2025-12-04 11:15:00+05:30,1003.0,1003.0,997.0,997.0999755859375,2222738,3240.5,3249.60009765625,3235.10009765625,3236.39990234375,970865,1386.5,1386.5,1383.0,1383.5999755859375,1236783,1593.9000244140625,1596.9000244140625,1589.199951171875,1593.0999755859375,1741675,1560.0,1560.5,1549.199951171875,1549.5,1401074
2025-12-04 12:15:00+05:30,997.2999877929688,997.9000244140625,995.0999755859375,995.7000122070312,1533810,3236.199951171875,3239.89990234375,3231.39990234375,3236.0,542910,1383.5,1385.9000244140625,1381.199951171875,1382.0999755859375,890138,1593.0999755859375,1597.0,1591.199951171875,1593.4000244140625,1120172,1549.199951171875,1549.699951171875,1545.0,1546.0,859021
2025-12-04 13:15:00+05:30,995.7000122070312,997.5,993.0,994.2000122070312,2109972,3236.0,3239.0,3225.0,3227.5,464355,1382.0999755859375,1384.4000244140625,1379.9000244140625,1382.5,1123629,1593.699951171875,1599.0,1593.0,1598.4000244140625,1656667,1546.0,1547.0,1540.0,1543.0,1528771
2025-12-04 14:15:00+05:30,994.2000122070312,997.5999755859375,994.0,996.7999877929688,3336034,3227.5,3232.5,3221.89990234375,3227.199951171875,587030,1382.5999755859375,1387.9000244140625,1382.4000244140625,1386.5,1381234,1598.300048828125,1599.0,1592.5,1597.199951171875,2078927,1543.199951171875,1550.4000244140625,1539.0,1539.800048828125,2676582
2025-12-04 15:15:00+05:30,996.7999877929688,999.7000122070312,995.7999877929688,997.2000122070312,1226415,3227.10009765625,3231.300048828125,3226.699951171875,3228.5,240486,1386.5,1387.0999755859375,1385.300048828125,1385.699951171875,555936,1597.199951171875,1598.5999755859375,1593.5,1593.5,937486,1539.800048828125,1540.199951171875,1519.0999755859375,1525.9000244140625,2531292
2025-12-05 09:15:00+05:30,992.4000244140625,1002.2000122070312,991.9000244140625,1001.2000122070312,0,3231.10009765625,3248.300048828125,3223.89990234375,3242.60009765625,0,1383.199951171875,1395.300048828125,1382.5999755859375,1392.0,0,1606.0,1615.0,1602.9000244140625,1612.5,0,1530.5,1530.5,1520.5999755859375,1526.199951171875,0
2025-12-05 10:15:00+05:30,1001.2000122070312,1008.0,998.2000122070312,1004.2000122070312,2187591,3242.5,3270.699951171875,3235.0,3258.5,1193904,1392.0999755859375,1392.800048828125,1386.0999755859375,1390.9000244140625,637075,1612.5999755859375,1627.4000244140625,1604.199951171875,1624.9000244140625,2752485,1525.9000244140625,1533.9000244140625,1523.300048828125,1531.800048828125,1050691
2025-12-05 11:15:00+05:30,1004.5,1005.5,1002.5,1003.0,878743,3258.60009765625,3264.5,3252.0,3256.60009765625,451702,1390.9000244140625,1392.0,1388.0,1388.0,874620,1625.0999755859375,1631.5,1622.5999755859375,1627.5,1234543,1531.199951171875,1534.5,1530.5,1532.4000244140625,682565
2025-12-05 12:15:00+05:30,1003.0999755859375,1007.5,1002.7999877929688,1004.2000122070312,970012,3256.699951171875,3261.39990234375,3232.60009765625,3244.199951171875,1139055,1388.199951171875,1391.199951171875,1388.0,1390.5,280173,1627.5,1628.4000244140625,1620.199951171875,1622.300048828125,1065751,1531.800048828125,1539.4000244140625,1531.5999755859375,1537.300048828125,856642
2025-12-05 13:15:00+05:30,1004.2000122070312,1005.0,1001.2999877929688,1001.5999755859375,1445860,3244.5,3248.89990234375,3228.0,3231.0,987045,1390.9000244140625,1391.800048828125,1388.199951171875,1390.5,634856,1622.300048828125,1623.5,1613.300048828125,1616.0,1241202,1537.199951171875,1540.9000244140625,1535.9000244140625,1537.300048828125,1105779
2025-12-05 14:15:00+05:30,1002.0,1003.7000122070312,999.5,1003.2999877929688,2204695,3231.0,3244.300048828125,3228.800048828125,3244.300048828125,845659,1390.5,1393.699951171875,1388.800048828125,1392.9000244140625,1081479,1616.0,1618.199951171875,1612.5999755859375,1616.300048828125,1293771,1537.300048828125,1541.5999755859375,1534.4000244140625,1540.699951171875,3494313
2025-12-05 15:15:00+05:30,1003.2999877929688,1003.9000244140625,1000.9000244140625,1003.2999877929688,1172551,3244.300048828125,3247.0,3238.199951171875,3238.199951171875,208291,1392.800048828125,1393.199951171875,1391.4000244140625,1392.0999755859375,572533,1616.4000244140625,1617.0,1612.5,1613.9000244140625,606346,1540.699951171875,1545.5,1540.4000244140625,1544.5999755859375,805766
2025-12-08 09:15:00+05:30,998.0,1003.7999877929688,997.7999877929688,1003.7000122070312,0,3239.0,3259.699951171875,3239.0,3251.5,0,1387.0,1392.0,1383.800048828125,1391.9000244140625,0,1618.9000244140625,1630.0,1616.199951171875,1624.5999755859375,0,1541.0,1551.0,1541.0,1548.300048828125,0
2025-12-08 10:15:00+05:30,1003.7000122070312,1004.2999877929688,1001.4000244140625,1002.5999755859375,1195439,3251.5,3253.800048828125,3246.0,3251.60009765625,214185,1392.0,1394.800048828125,1390.300048828125,1391.300048828125,712759,1624.5999755859375,1626.699951171875,1621.300048828125,1624.9000244140625,908104,1548.0,1548.300048828125,1540.199951171875,1540.199951171875,648884
2025-12-08 11:15:00+05:30,1002.5999755859375,1005.0,1000.9000244140625,1004.0999755859375,1349020,3251.0,3251.60009765625,3241.5,3242.89990234375,215287,1391.300048828125,1392.9000244140625,1389.0,1391.4000244140625,681180,1624.9000244140625,1625.0,1620.300048828125,1622.0,767397,1540.300048828125,1546.4000244140625,1539.800048828125,1539.800048828125,1133627
2025-12-08 12:15:00+05:30,1003.5999755859375,1006.5,1002.7000122070312,1005.7000122070312,1573316,3241.800048828125,3252.89990234375,3241.800048828125,3248.5,344550,1392.0,1393.800048828125,1387.0999755859375,1389.9000244140625,1130828,1622.0999755859375,1623.5999755859375,1614.4000244140625,1615.5999755859375,701470,1539.699951171875,1544.5,1535.800048828125,1543.699951171875,3059823
2025-12-08 13:15:00+05:30,1005.7999877929688,1005.9000244140625,998.5999755859375,1000.0999755859375,1762868,3249.0,3249.699951171875,3209.10009765625,3211.10009765625,494646,1390.0,1390.199951171875,1383.5999755859375,1386.300048828125,1417769,1615.5999755859375,1617.0,1606.0999755859375,1607.5,819939,1544.0,1544.5,1535.0,1539.9000244140625,2229297
2025-12-08 14:15:00+05:30,1000.2000122070312,1004.5999755859375,998.9000244140625,1002.7999877929688,3072916,3211.89990234375,3240.800048828125,3210.10009765625,3237.5,585990,1386.4000244140625,1390.5,1385.5,1390.300048828125,2064381,1607.5,1613.0999755859375,1600.800048828125,1611.5999755859375,1854740,1539.699951171875,1545.9000244140625,1536.199951171875,1544.5,2398705
2025-12-08 15:15:00+05:30,1002.7999877929688,1003.0999755859375,1001.0,1003.0999755859375,1025171,3237.39990234375,3240.0,3231.5,3236.5,264590,1390.199951171875,1390.300048828125,1385.9000244140625,1387.5,669390,1611.5999755859375,1612.0999755859375,1607.199951171875,1610.800048828125,0,1544.4000244140625,1544.5,1538.699951171875,1538.699951171875,840288
2025-12-09 09:15:00+05:30,994.9000244140625,1002.7000122070312,994.9000244140625,999.7999877929688,0,3230.0,3233.699951171875,3182.5,3184.199951171875,0,1379.9000244140625,1384.0,1377.800048828125,1380.9000244140625,2376551,1601.199951171875,1606.800048828125,1588.699951171875,1589.9000244140625,1059205,1541.4000244140625,1542.4000244140625,1520.800048828125,1530.800048828125,0
2025-12-09 10:15:00+05:30,999.5999755859375,1002.7000122070312,998.9000244140625,1002.5,1215125,3184.199951171875,3195.39990234375,3181.300048828125,3188.0,500164,1381.199951171875,1382.9000244140625,1378.800048828125,1380.5,768644,1589.199951171875,1594.0,1582.5999755859375,1592.5999755859375,642568,1530.800048828125,1535.5,1529.300048828125,1531.5,1196832
2025-12-09 11:15:00+05:30,1002.2000122070312,1002.7999877929688,998.0,999.7999877929688,1329328,3188.0,3206.39990234375,3186.699951171875,3206.39990234375,261191,1380.4000244140625,1380.9000244140625,1374.5,1375.699951171875,1060412,1593.0,1599.699951171875,1592.0,1598.0999755859375,738943,1531.699951171875,1534.800048828125,1527.4000244140625,1534.800048828125,894875
2025-12-09 12:15:00+05:30,999.7000122070312,1000.5999755859375,998.2999877929688,998.7999877929688,964178,3206.800048828125,3210.0,3191.39990234375,3199.0,250275,1375.5999755859375,1378.4000244140625,1375.0999755859375,1375.300048828125,1064220,1598.0999755859375,1599.699951171875,1594.0,1596.9000244140625,637878,1534.9000244140625,1535.800048828125,1530.300048828125,1531.199951171875,921728
2025-12-09 13:15:00+05:30,998.7999877929688,1001.2000122070312,998.0999755859375,999.7999877929688,1223500,3199.0,3213.800048828125,3198.89990234375,3212.5,287562,1375.5,1377.699951171875,1374.199951171875,1374.699951171875,1034114,1596.9000244140625,1600.300048828125,1595.5999755859375,1600.0,635651,1531.199951171875,1534.5,1530.0,1533.699951171875,875243
2025-12-09 14:15:00+05:30,999.7000122070312,1003.0999755859375,995.5,997.0,4952653,3212.5,3236.5,3200.89990234375,3205.60009765625,715753,1375.0,1389.5999755859375,1373.800048828125,1375.0999755859375,3038265,1600.0999755859375,1610.800048828125,1594.0,1598.199951171875,2333600,1533.699951171875,1543.0,1525.5,1528.9000244140625,3298939
2025-12-09 15:15:00+05:30,996.7999877929688,997.5,995.0999755859375,997.0,2109993,3204.39990234375,3210.5,3203.0,3205.10009765625,254925,1375.0999755859375,1375.5,1373.5,1375.0,1148760,1598.699951171875,1601.0,1597.0999755859375,1597.0999755859375,908789,1528.699951171875,1534.0,1528.0,1531.0,1954849
2025-12-10 09:15:00+05:30,997.0999755859375,998.5,994.4000244140625,997.0,0,3218.0,3218.0,3197.0,3202.10009765625,0,1374.0,1379.0999755859375,1370.5999755859375,1377.0999755859375,0,1605.0999755859375,1606.4000244140625,1593.0,1595.0,0,1533.9000244140625,1542.9000244140625,1531.5999755859375,1541.699951171875,0
2025-12-10 10:15:00+05:30,997.2000122070312,998.0,991.9000244140625,993.2000122070312,1793942,3202.10009765625,3207.0,3178.199951171875,3186.89990234375,199576,1377.4000244140625,1379.4000244140625,1371.199951171875,1373.699951171875,638806,1595.0,1599.5,1588.0,1594.5,427662,1541.699951171875,1547.5,1539.0999755859375,1546.5,1365251
2025-12-10 11:15:00+05:30,993.2999877929688,993.5,987.5,989.2000122070312,1759982,3186.89990234375,3191.800048828125,3184.60009765625,3189.89990234375,93208,1373.800048828125,1374.0,1369.199951171875,1371.0,647633,1594.199951171875,1595.9000244140625,1593.0,1594.0999755859375,504124,1546.5,1546.5,1537.5,1538.300048828125,1092261
2025-12-10 12:15:00+05:30,989.0999755859375,989.5,985.2999877929688,986.2000122070312,1177923,3189.89990234375,3192.10009765625,3181.800048828125,3186.10009765625,123717,1371.0,1371.0999755859375,1365.9000244140625,1366.0999755859375,674344,1594.300048828125,1595.0,1591.4000244140625,1593.4000244140625,416772,1538.5,1539.5,1535.5,1537.199951171875,627923
2025-12-10 13:15:00+05:30,986.2999877929688,990.7999877929688,985.5999755859375,988.5,3501207,3186.10009765625,3193.60009765625,3183.60009765625,3188.10009765625,284450,1366.0999755859375,1367.199951171875,1357.9000244140625,1359.0999755859375,1883904,1593.4000244140625,1594.4000244140625,1585.300048828125,1585.699951171875,848979,1537.4000244140625,1543.0,1537.0,1538.0999755859375,1048325
2025-12-10 14:15:00+05:30,988.5,991.0,987.9000244140625,989.4000244140625,3756263,3188.10009765625,3192.699951171875,3182.10009765625,3187.199951171875,325491,1359.0999755859375,1364.9000244140625,1358.5,1362.4000244140625,2297534,1585.9000244140625,1587.0999755859375,1583.800048828125,1584.800048828125,1333983,1538.0,1539.199951171875,1535.5,1538.300048828125,1643548
2025-12-10 15:15:00+05:30,989.5,992.0,989.2000122070312,991.7000122070312,1186322,3188.10009765625,3191.199951171875,3185.0,3189.199951171875,133189,1362.5,1365.4000244140625,1362.5,1363.5999755859375,1291778,1584.9000244140625,1585.4000244140625,1582.9000244140625,1584.800048828125,683851,1538.4000244140625,1538.699951171875,1532.0999755859375,1533.5,805286
2025-12-11 09:15:00+05:30,990.0,994.4000244140625,988.7000122070312,994.4000244140625,0,3203.0,3208.39990234375,3160.10009765625,3182.0,0,1364.0,1366.0,1352.9000244140625,1359.699951171875,0,1597.800048828125,1605.9000244140625,1584.4000244140625,1594.699951171875,0,1537.0,1538.0,1524.0,1533.0999755859375,0
2025-12-11 10:15:00+05:30,994.4000244140625,996.9000244140625,993.2999877929688,995.4000244140625,1598647,3182.0,3185.60009765625,3153.199951171875,3161.800048828125,247837,1360.4000244140625,1363.800048828125,1357.0,1358.5,926553,1594.699951171875,1595.5999755859375,1580.5999755859375,1582.5999755859375,595438,1533.5999755859375,1536.5,1531.5999755859375,1535.0,448570
2025-12-11 11:15:00+05:30,995.4000244140625,1000.5,994.7000122070312,999.5,1464979,3161.199951171875,3193.800048828125,3161.199951171875,3186.5,246587,1358.300048828125,1365.5999755859375,1357.699951171875,1363.800048828125,1024124,1582.4000244140625,1591.0,1581.0999755859375,1589.4000244140625,414242,1535.5999755859375,1544.699951171875,1534.5,1543.0999755859375,628916
2025-12-11 12:15:00+05:30,999.5,1002.7000122070312,996.5999755859375,997.5999755859375,1435898,3187.300048828125,3196.199951171875,3180.60009765625,3185.0,239587,1363.800048828125,1364.800048828125,1358.300048828125,1358.5999755859375,883428,1589.5,1593.0,1588.4000244140625,1591.0,612859,1543.4000244140625,1550.0,1542.300048828125,1546.4000244140625,766422
2025-12-11 13:15:00+05:30,997.5999755859375,999.9000244140625,997.2999877929688,998.9000244140625,1102654,3184.89990234375,3187.699951171875,3180.60009765625,3182.300048828125,144226,1359.0,1362.0,1358.0,1359.5,756455,1591.300048828125,1593.5,1587.699951171875,1589.0,482313,1546.4000244140625,1547.800048828125,1543.0,1543.5,516747
2025-12-11 14:15:00+05:30,998.5,1002.0,998.5,1000.0999755859375,2634291,3182.300048828125,3194.10009765625,3181.0,3191.199951171875,377320,1359.9000244140625,1363.4000244140625,1359.199951171875,1359.4000244140625,1570199,1589.0,1599.5,1588.0999755859375,1597.800048828125,1068524,1543.5999755859375,1546.800048828125,1541.4000244140625,1544.5,1147430
2025-12-11 15:15:00+05:30,1000.0,1000.4000244140625,999.0,1000.2999877929688,812605,3191.0,3193.89990234375,3188.5,3191.89990234375,139744,1359.4000244140625,1361.5,1358.800048828125,1361.0,480592,1597.800048828125,1599.0999755859375,1596.0,1598.0,297088,1544.5,1546.199951171875,1543.0,1543.0,307067
2025-12-12 09:15:00+05:30,1004.0999755859375,1004.7000122070312,1000.4000244140625,1002.0,0,3204.5,3204.5,3185.800048828125,3189.300048828125,0,1368.0,1368.9000244140625,1364.5999755859375,1367.5999755859375,0,1597.199951171875,1598.0,1582.5999755859375,1585.4000244140625,0,1549.800048828125,1555.0,1548.300048828125,1551.5999755859375,0
2025-12-12 10:15:00+05:30,1002.0,1003.0,998.2000122070312,1000.0,1038833,3189.699951171875,3198.300048828125,3188.199951171875,3197.199951171875,124010,1367.5999755859375,1368.0,1363.5,1366.0999755859375,410262,1585.5999755859375,1589.5,1583.5,1589.0999755859375,416814,1551.300048828125,1552.5999755859375,1546.5999755859375,1552.5999755859375,687298
2025-12-12 11:15:00+05:30,1000.2000122070312,1002.9000244140625,999.5999755859375,1002.0,911085,3196.800048828125,3212.0,3196.800048828125,3211.300048828125,129220,1366.0,1370.300048828125,1365.0999755859375,1366.4000244140625,613642,1589.4000244140625,1593.0999755859375,1588.5,1591.4000244140625,424068,1552.5,1558.800048828125,1552.0999755859375,1557.0,563346
2025-12-12 12:15:00+05:30,1002.0,1002.9000244140625,1000.0,1000.7999877929688,979993,3211.699951171875,3215.0,3206.800048828125,3214.0,85430,1366.4000244140625,1367.5999755859375,1365.199951171875,1366.0,346170,1591.300048828125,1594.800048828125,1591.300048828125,1594.300048828125,335918,1556.9000244140625,1558.9000244140625,1554.199951171875,1558.0,613001
2025-12-12 13:15:00+05:30,1000.7999877929688,1001.2000122070312,999.4000244140625,1000.2999877929688,1004026,3214.0,3215.0,3209.10009765625,3214.89990234375,98906,1366.300048828125,1366.699951171875,1364.0999755859375,1366.4000244140625,415522,1594.300048828125,1596.300048828125,1592.0,1595.5999755859375,523687,1558.0,1559.800048828125,1556.699951171875,1559.0999755859375,648565
2025-12-12 14:15:00+05:30,1000.2999877929688,1001.7000122070312,999.9000244140625,1001.2999877929688,2293806,3214.699951171875,3222.39990234375,3210.10009765625,3220.10009765625,337829,1366.0999755859375,1366.5,1363.800048828125,1366.0999755859375,1003641,1595.5999755859375,1599.4000244140625,1592.5999755859375,1598.4000244140625,1407881,1559.0,1559.800048828125,1555.699951171875,1556.699951171875,1273245
2025-12-12 15:15:00+05:30,1001.2000122070312,1003.5999755859375,1001.0,1001.0999755859375,1425472,3220.10009765625,3223.0,3218.10009765625,3222.60009765625,159647,1366.199951171875,1366.4000244140625,1365.800048828125,1366.0999755859375,512498,1598.4000244140625,1600.199951171875,1596.199951171875,1598.199951171875,775108,1556.9000244140625,1556.9000244140625,1554.0999755859375,1554.300048828125,614180
2025-12-15 09:15:00+05:30,994.5999755859375,1001.7999877929688,994.5999755859375,996.0,0,3211.10009765625,3217.5,3197.300048828125,3216.800048828125,0,1358.699951171875,1368.699951171875,1358.699951171875,1365.800048828125,0,1589.5999755859375,1600.699951171875,1588.0,1600.699951171875,0,1552.9000244140625,1556.0,1546.5,1552.0999755859375,0
2025-12-15 10:15:00+05:30,995.9000244140625,997.7000122070312,995.0,995.4000244140625,960438,3216.39990234375,3227.800048828125,3215.0,3227.10009765625,188232,1365.800048828125,1365.800048828125,1361.0,1363.5,395081,1600.699951171875,1606.4000244140625,1600.300048828125,1602.800048828125,869953,1552.0999755859375,1553.0999755859375,1548.699951171875,1550.5,576642
2025-12-15 11:15:00+05:30,995.2999877929688,998.9000244140625,993.5,997.7999877929688,767336,3227.10009765625,3227.10009765625,3214.10009765625,3220.800048828125,100353,1363.5,1367.9000244140625,1363.4000244140625,1366.0,608125,1602.800048828125,1606.0,1600.699951171875,1606.0,379353,1550.5,1554.699951171875,1550.0,1554.5,559283
2025-12-15 12:15:00+05:30,997.7000122070312,998.5,995.7999877929688,997.7999877929688,848633,3220.199951171875,3226.0,3220.199951171875,3224.89990234375,72788,1366.0,1369.699951171875,1365.0,1367.5,682405,1606.0,1606.5999755859375,1603.9000244140625,1605.199951171875,617767,1554.4000244140625,1556.5,1553.5,1556.4000244140625,541551
2025-12-15 13:15:00+05:30,998.0,998.0,995.0,995.7000122070312,968390,3225.199951171875,3225.199951171875,3215.89990234375,3217.10009765625,103447,1367.5,1367.699951171875,1364.5,1365.5,766122,1605.0999755859375,1610.800048828125,1604.199951171875,1607.0999755859375,542896,1556.5,1556.5,1552.5,1554.5,777268
2025-12-15 14:15:00+05:30,995.7999877929688,997.7000122070312,995.2000122070312,996.0999755859375,2032543,3217.199951171875,3228.0,3216.0,3225.10009765625,333159,1365.5,1367.0,1365.0,1365.0999755859375,1031277,1607.0999755859375,1610.4000244140625,1605.5,1607.300048828125,809742,1554.5,1558.0999755859375,1553.0999755859375,1556.0,1473836
2025-12-15 15:15:00+05:30,996.0999755859375,996.5,994.7000122070312,996.0999755859375,810744,3225.60009765625,3238.10009765625,3225.0,3230.199951171875,362785,1365.0999755859375,1365.4000244140625,1365.0,1365.199951171875,491004,1607.699951171875,1608.5999755859375,1605.300048828125,1607.0,325910,1555.9000244140625,1557.5999755859375,1555.199951171875,1556.5,545500
2025-12-16 09:15:00+05:30,992.0,997.2999877929688,992.0,994.2999877929688,0,3219.800048828125,3219.800048828125,3204.199951171875,3210.0,0,1364.4000244140625,1364.5999755859375,1355.5,1364.4000244140625,0,1600.5999755859375,1601.0999755859375,1586.199951171875,1589.4000244140625,0,1547.699951171875,1550.699951171875,1540.300048828125,1540.9000244140625,0
2025-12-16 10:15:00+05:30,994.0,996.9000244140625,992.9000244140625,993.5999755859375,1534059,3210.0,3216.39990234375,3196.0,3202.0,268961,1364.300048828125,1367.5,1363.4000244140625,1364.9000244140625,728523,1589.4000244140625,1592.9000244140625,1587.0999755859375,1587.199951171875,605720,1540.800048828125,1543.199951171875,1539.0999755859375,1541.300048828125,729770
2025-12-16 11:15:00+05:30,993.5,994.9000244140625,990.7999877929688,992.4000244140625,1846915,3202.0,3208.89990234375,3198.300048828125,3200.699951171875,130823,1365.0,1365.9000244140625,1361.800048828125,1363.5,1504943,1587.199951171875,1590.0,1585.800048828125,1588.9000244140625,421062,1541.300048828125,1545.5999755859375,1540.4000244140625,1543.199951171875,1023707
2025-12-16 12:15:00+05:30,992.4000244140625,997.0,991.5,995.7000122070312,2562979,3200.699951171875,3202.89990234375,3191.10009765625,3199.300048828125,152502,1363.5,1364.9000244140625,1361.0999755859375,1363.300048828125,1238477,1588.9000244140625,1596.800048828125,1587.0999755859375,1593.4000244140625,1022890,1543.199951171875,1547.300048828125,1540.800048828125,1544.800048828125,1367399
2025-12-16 13:15:00+05:30,995.7000122070312,998.5,994.5999755859375,996.0,3632151,3198.699951171875,3207.300048828125,3198.39990234375,3200.39990234375,192686,1363.300048828125,1365.5,1361.300048828125,1362.199951171875,2137705,1593.4000244140625,1599.800048828125,1591.5,1592.199951171875,906025,1544.800048828125,1550.4000244140625,1543.699951171875,1546.9000244140625,2032500
2025-12-16 14:15:00+05:30,995.9000244140625,996.2999877929688,993.5999755859375,993.7999877929688,6145415,3202.0,3209.89990234375,3197.10009765625,3203.89990234375,451689,1362.199951171875,1368.4000244140625,1360.0999755859375,1364.5,4526904,1592.300048828125,1596.4000244140625,1589.199951171875,1591.800048828125,1475909,1547.0,1547.0999755859375,1540.4000244140625,1540.800048828125,4233300
2025-12-16 15:15:00+05:30,993.7999877929688,995.0,993.7000122070312,994.2999877929688,1578637,3203.89990234375,3208.0,3201.0,3205.10009765625,192478,1364.699951171875,1366.9000244140625,1363.5999755859375,1366.0,607488,1592.0999755859375,1594.300048828125,1590.5999755859375,1592.300048828125,352053,1541.300048828125,1542.9000244140625,1539.199951171875,1540.699951171875,687801
2025-12-17 09:15:00+05:30,995.2000122070312,995.2000122070312,987.0,987.9000244140625,0,3214.800048828125,3236.89990234375,3202.89990234375,3224.0,0,1363.300048828125,1363.300048828125,1345.4000244140625,1347.0,0,1590.0999755859375,1604.800048828125,1587.0,1596.800048828125,0,1548.0,1549.9000244140625,1542.0999755859375,1543.800048828125,0
2025-12-17 10:15:00+05:30,987.9000244140625,988.5,986.0999755859375,987.2000122070312,1693673,3222.199951171875,3227.0,3215.5,3221.800048828125,162668,1347.0999755859375,1349.5,1343.0999755859375,1347.800048828125,1397922,1596.800048828125,1599.0,1595.5,1599.0,336127,1543.800048828125,1544.199951171875,1540.800048828125,1542.0999755859375,622211
2025-12-17 11:15:00+05:30,987.2000122070312,987.4000244140625,982.9000244140625,983.0999755859375,2371149,3221.60009765625,3225.0,3213.60009765625,3217.199951171875,123804,1347.9000244140625,1353.0999755859375,1347.4000244140625,1350.199951171875,1658971,1599.0,1603.5,1597.0999755859375,1599.699951171875,789396,1542.5,1546.5999755859375,1539.4000244140625,1540.4000244140625,987169
2025-12-17 12:15:00+05:30,983.0999755859375,984.5,981.0999755859375,981.2999877929688,2002593,3217.199951171875,3223.0,3212.39990234375,3216.39990234375,161513,1350.199951171875,1351.9000244140625,1348.4000244140625,1350.800048828125,949393,1599.699951171875,1604.5,1599.0999755859375,1603.699951171875,491756,1540.5,1544.5999755859375,1540.0,1543.300048828125,872520
2025-12-17 13:15:00+05:30,981.2999877929688,983.5,980.7999877929688,983.5,2353478,3216.5,3218.0,3210.10009765625,3212.300048828125,134750,1350.800048828125,1353.0,1348.199951171875,1350.0,973538,1604.4000244140625,1606.9000244140625,1599.800048828125,1600.5,688017,1543.300048828125,1545.9000244140625,1542.800048828125,1544.800048828125,833399
2025-12-17 14:15:00+05:30,983.5,984.9000244140625,982.2999877929688,983.7999877929688,5130941,3212.300048828125,3219.10009765625,3204.10009765625,3218.10009765625,301829,1350.0,1354.5,1349.699951171875,1351.800048828125,1902603,1600.5,1603.199951171875,1596.699951171875,1603.0,1275661,1544.699951171875,1548.0,1542.699951171875,1543.5,1885771
2025-12-17 15:15:00+05:30,983.7999877929688,986.0,983.2000122070312,985.7000122070312,1887596,3217.89990234375,3219.89990234375,3215.0,3217.800048828125,0,1351.9000244140625,1354.800048828125,1351.199951171875,1352.4000244140625,0,1603.0,1604.5,1601.4000244140625,1602.0,477929,1543.300048828125,1546.0,1543.300048828125,1545.9000244140625,845565
2025-12-18 09:15:00+05:30,981.5,984.0,980.2000122070312,983.9000244140625,0,3232.0,3247.0,3225.300048828125,3240.0,502249,1348.9000244140625,1359.199951171875,1348.5999755859375,1359.0999755859375,999060,1618.800048828125,1624.800048828125,1615.199951171875,1622.300048828125,0,1543.4000244140625,1544.5999755859375,1537.0,1539.300048828125,1048236
2025-12-18 10:15:00+05:30,984.0,987.4000244140625,982.5,983.0999755859375,1238579,3239.89990234375,3245.0,3233.0,3244.89990234375,167193,1359.0999755859375,1366.5,1358.0999755859375,1365.5999755859375,937756,1623.0,1624.5999755859375,1618.5,1621.5,582439,1539.800048828125,1547.0,1539.4000244140625,1542.800048828125,451778
2025-12-18 11:15:00+05:30,983.2000122070312,984.9000244140625,981.4000244140625,983.7999877929688,1855494,3244.699951171875,3266.699951171875,3242.39990234375,3266.5,392690,1365.5999755859375,1366.800048828125,1362.199951171875,1364.5999755859375,1211310,1621.5,1626.4000244140625,1619.4000244140625,1626.0,716977,1542.800048828125,1551.4000244140625,1542.0999755859375,1549.699951171875,923953
2025-12-18 12:15:00+05:30,983.9000244140625,984.7999877929688,981.7999877929688,983.0999755859375,1765836,3266.300048828125,3278.800048828125,3261.0,3275.0,414315,1364.699951171875,1369.5,1362.0999755859375,1362.300048828125,1064086,1626.0,1626.5,1621.5999755859375,1625.9000244140625,716436,1549.699951171875,1551.0,1547.300048828125,1548.5,744127
2025-12-18 13:15:00+05:30,983.0999755859375,984.5,981.7000122070312,981.7999877929688,1688186,3275.0,3277.699951171875,3268.199951171875,3271.800048828125,211717,1362.0999755859375,1363.4000244140625,1360.0,1360.5,823307,1625.5999755859375,1625.9000244140625,1621.800048828125,1623.0,923113,1548.5,1549.5999755859375,1544.0,1544.0,897620
2025-12-18 14:15:00+05:30,981.7999877929688,983.0999755859375,978.7000122070312,979.7000122070312,4188837,3271.60009765625,3282.10009765625,3267.0,3282.10009765625,400965,1360.5,1361.9000244140625,1355.5999755859375,1357.0999755859375,1836231,1623.4000244140625,1627.699951171875,1622.0,1626.9000244140625,1972661,1544.199951171875,1547.5,1542.0,1544.699951171875,2032711
2025-12-18 15:15:00+05:30,979.9000244140625,980.9000244140625,979.0,980.0,969825,3281.0,3287.699951171875,3279.300048828125,3284.0,216973,1357.4000244140625,1357.9000244140625,1356.0,1356.800048828125,442698,1626.800048828125,1630.0,1625.9000244140625,1626.800048828125,585446,1544.699951171875,1544.9000244140625,1543.4000244140625,1544.0,482146
2025-12-19 09:15:00+05:30,982.0999755859375,985.9000244140625,978.7999877929688,985.5999755859375,0,3299.0,3314.89990234375,3298.60009765625,3306.0,0,1352.5,1359.699951171875,1352.5,1355.4000244140625,0,1647.5999755859375,1653.0,1638.199951171875,1643.199951171875,0,1553.0,1569.5999755859375,1551.5,1564.699951171875,0
2025-12-19 10:15:00+05:30,985.5999755859375,987.4000244140625,983.2999877929688,984.4000244140625,3278524,3306.60009765625,3317.89990234375,3305.0,3309.199951171875,299551,1355.699951171875,1356.800048828125,1354.199951171875,1355.9000244140625,412375,1643.4000244140625,1652.0,1643.0999755859375,1649.5,955623,1564.699951171875,1574.199951171875,1564.0999755859375,1572.0,1245078
2025-12-19 11:15:00+05:30,984.0999755859375,985.7999877929688,982.5,983.5999755859375,1882008,3309.10009765625,3309.39990234375,3289.5,3297.300048828125,405700,1356.0,1356.9000244140625,1350.800048828125,1356.5999755859375,1216520,1649.300048828125,1649.300048828125,1635.199951171875,1637.699951171875,1139910,1571.800048828125,1573.699951171875,1566.199951171875,1569.800048828125,1474157
2025-12-19 12:15:00+05:30,983.7000122070312,985.2000122070312,981.9000244140625,983.2000122070312,2556086,3297.60009765625,3303.5,3290.10009765625,3291.0,284352,1356.699951171875,1357.0999755859375,1353.0999755859375,1353.300048828125,688629,1637.699951171875,1639.699951171875,1632.0999755859375,1632.199951171875,771041,1569.800048828125,1570.0,1565.300048828125,1566.0,682998
2025-12-19 13:15:00+05:30,983.2999877929688,987.2000122070312,982.7999877929688,985.2999877929688,4062705,3291.5,3298.5,3287.800048828125,3293.699951171875,515567,1353.300048828125,1356.0999755859375,1351.699951171875,1354.4000244140625,3515703,1632.800048828125,1635.9000244140625,1631.0,1634.9000244140625,1184687,1565.9000244140625,1570.800048828125,1565.0999755859375,1569.0999755859375,1906774
2025-12-19 14:15:00+05:30,985.4000244140625,988.0,985.0,985.9000244140625,7282255,3293.699951171875,3300.0,3280.699951171875,3280.699951171875,856739,1354.5,1356.5,1353.300048828125,1354.0999755859375,4951025,1634.5999755859375,1640.300048828125,1630.0,1640.199951171875,3835220,1569.0,1570.9000244140625,1564.0999755859375,1565.0,3489147
2025-12-19 15:15:00+05:30,985.9000244140625,986.0,982.0,985.2000122070312,3739349,3280.800048828125,3286.800048828125,3278.800048828125,3285.0,655911,1354.0999755859375,1355.0,1353.9000244140625,1354.300048828125,1661006,1639.9000244140625,1642.199951171875,1635.5,1636.0,2424380,1565.0,1566.0,1564.9000244140625,1564.9000244140625,2660312
2025-12-22 09:15:00+05:30,986.7000122070312,992.9000244140625,986.7000122070312,988.2999877929688,0,3309.89990234375,3310.10009765625,3291.0,3306.199951171875,0,1359.9000244140625,1365.199951171875,1355.0,1364.0,0,1665.0,1691.5,1665.0,1673.9000244140625,0,1573.0,1576.0,1569.0,1572.199951171875,0
2025-12-22 10:15:00+05:30,988.2000122070312,989.0,987.0999755859375,987.2999877929688,975553,3305.10009765625,3307.0,3299.0,3303.5,246145,1364.0999755859375,1365.0999755859375,1359.800048828125,1363.699951171875,1499389,1673.800048828125,1679.4000244140625,1672.4000244140625,1676.300048828125,1383590,1572.199951171875,1574.300048828125,1571.0,1571.5,822349
2025-12-22 11:15:00+05:30,987.2999877929688,988.5,985.5,986.0,1263652,3303.5,3314.800048828125,3301.800048828125,3307.800048828125,324203,1363.699951171875,1368.5999755859375,1362.699951171875,1368.300048828125,965791,1676.9000244140625,1681.0,1675.0,1679.300048828125,1631090,1571.9000244140625,1572.0999755859375,1566.5999755859375,1566.800048828125,783130
2025-12-22 12:15:00+05:30,985.7000122070312,987.2999877929688,984.2000122070312,985.5,2248072,3307.39990234375,3321.89990234375,3304.39990234375,3321.60009765625,341274,1368.199951171875,1370.0999755859375,1364.5999755859375,1369.5,1344753,1679.300048828125,1686.0,1679.300048828125,1685.0999755859375,2451405,1566.9000244140625,1571.9000244140625,1565.5,1570.800048828125,1553351
2025-12-22 13:15:00+05:30,985.5,987.0,984.7000122070312,986.5999755859375,1547646,3321.800048828125,3328.5,3316.10009765625,3318.800048828125,378658,1369.5,1371.300048828125,1368.0999755859375,1368.800048828125,1024816,1685.199951171875,1688.5999755859375,1684.0,1687.0,3015991,1570.699951171875,1571.699951171875,1568.699951171875,1569.0999755859375,1082960
2025-12-22 14:15:00+05:30,986.5999755859375,988.7000122070312,985.9000244140625,988.0,3768268,3319.0,3327.0,3311.89990234375,3326.300048828125,502524,1368.699951171875,1370.199951171875,1366.5999755859375,1369.0,2004884,1687.0,1693.0,1682.5,1689.5,7063797,1569.0999755859375,1575.9000244140625,1566.300048828125,1575.5999755859375,3027001
2025-12-22 15:15:00+05:30,988.0999755859375,988.0999755859375,987.0,987.2999877929688,986169,3326.199951171875,3326.89990234375,3323.800048828125,3326.39990234375,374623,1369.0,1369.0,1367.0,1367.5,454612,1689.5,1690.5999755859375,1686.0,1689.5999755859375,1605688,1575.5999755859375,1577.300048828125,1574.699951171875,1576.5999755859375,1002765
2025-12-23 09:15:00+05:30,991.0,994.2000122070312,987.7000122070312,994.0999755859375,0,3317.5,3317.5,3295.10009765625,3297.800048828125,0,1363.0,1365.0,1360.0,1360.5,0,1674.9000244140625,1674.9000244140625,1656.4000244140625,1662.5999755859375,0,1580.0,1580.0,1571.800048828125,1575.800048828125,0
2025-12-23 10:15:00+05:30,994.0999755859375,994.7999877929688,992.4000244140625,993.5,1843264,3297.699951171875,3304.39990234375,3293.5,3302.89990234375,205161,1360.5,1361.0999755859375,1358.5999755859375,1360.300048828125,526501,1662.5999755859375,1671.800048828125,1660.0,1671.300048828125,555359,1575.800048828125,1576.300048828125,1571.9000244140625,1572.5999755859375,346233
2025-12-23 11:15:00+05:30,993.4000244140625,994.5999755859375,992.7000122070312,993.0999755859375,1140186,3302.800048828125,3310.0,3298.5,3300.60009765625,293767,1360.300048828125,1362.0999755859375,1359.5,1361.300048828125,753305,1671.300048828125,1672.0,1665.0,1668.699951171875,430262,1572.5999755859375,1576.0999755859375,1572.0,1575.0999755859375,559954
2025-12-23 12:15:00+05:30,993.0,995.0,992.5,994.0999755859375,1974799,3300.699951171875,3307.0,3296.199951171875,3305.800048828125,252006,1361.0999755859375,1362.300048828125,1357.300048828125,1361.0,1604771,1668.5,1668.699951171875,1663.300048828125,1665.0999755859375,807314,1575.5999755859375,1576.0999755859375,1572.0999755859375,1574.5,962383
2025-12-23 13:15:00+05:30,994.0999755859375,996.9000244140625,994.0,996.5,2016116,3305.800048828125,3306.800048828125,3298.10009765625,3305.0,240778,1361.4000244140625,1363.300048828125,1359.699951171875,1361.4000244140625,935646,1665.0999755859375,1670.0,1663.800048828125,1669.699951171875,693875,1574.699951171875,1575.800048828125,1570.699951171875,1574.0999755859375,772160
2025-12-23 14:15:00+05:30,996.5,998.7000122070312,995.2000122070312,997.2999877929688,6886849,3305.0,3314.10009765625,3302.60009765625,3311.800048828125,793323,1361.4000244140625,1364.699951171875,1360.800048828125,1364.0,3653073,1669.699951171875,1672.800048828125,1663.0999755859375,1667.199951171875,2178262,1574.0999755859375,1576.800048828125,1568.300048828125,1571.9000244140625,3488361
2025-12-23 15:15:00+05:30,997.2999877929688,997.5,996.0999755859375,997.0,1219315,3311.39990234375,3312.800048828125,3305.0,3310.0,223857,1363.5,1364.199951171875,1361.9000244140625,1363.0,711720,1666.5999755859375,1668.300048828125,1663.0,1664.5,557601,1571.800048828125,1572.5999755859375,1568.699951171875,1569.0,772127
2025-12-24 09:15:00+05:30,995.5999755859375,999.4000244140625,994.2000122070312,997.7999877929688,0,3300.0,3318.0,3297.0,3313.5,0,1364.4000244140625,1368.199951171875,1359.5999755859375,1366.800048828125,0,1661.300048828125,1664.4000244140625,1652.5,1662.5999755859375,0,1572.0,1573.9000244140625,1568.199951171875,1569.0999755859375,0
2025-12-24 10:15:00+05:30,997.9000244140625,998.0,995.7000122070312,996.9000244140625,808825,3313.300048828125,3316.89990234375,3310.39990234375,3312.699951171875,74050,1366.300048828125,1368.0,1363.5,1365.0,526433,1662.5,1667.0,1657.9000244140625,1659.699951171875,425407,1569.0,1569.699951171875,1565.0,1566.800048828125,410490
2025-12-24 11:15:00+05:30,996.9000244140625,998.2000122070312,995.9000244140625,997.5,846046,3312.5,3313.89990234375,3304.800048828125,3308.199951171875,295245,1364.9000244140625,1365.0999755859375,1361.5,1362.0999755859375,396918,1659.699951171875,1660.5,1656.0,1659.5999755859375,304242,1566.5999755859375,1567.5,1563.199951171875,1563.699951171875,543442
2025-12-24 12:15:00+05:30,997.5,999.0999755859375,996.2999877929688,996.7999877929688,1243712,3308.0,3311.699951171875,3305.39990234375,3309.10009765625,117204,1362.0999755859375,1362.5,1360.0,1360.5,846941,1659.4000244140625,1661.5,1658.5999755859375,1660.300048828125,182078,1563.5999755859375,1564.9000244140625,1555.300048828125,1557.5,2363821
2025-12-24 13:15:00+05:30,996.7999877929688,997.2999877929688,993.4000244140625,994.4000244140625,2643052,3309.300048828125,3313.800048828125,3303.0,3313.0,203111,1360.800048828125,1363.0,1359.0,1362.0999755859375,1508708,1660.300048828125,1663.800048828125,1658.5999755859375,1663.199951171875,621387,1557.300048828125,1560.0,1556.0,1559.0,1199566
2025-12-24 14:15:00+05:30,994.0999755859375,999.0,993.7000122070312,998.0,5801000,3313.60009765625,3327.0,3312.5,3323.60009765625,335812,1362.5999755859375,1363.699951171875,1358.4000244140625,1360.699951171875,3134707,1663.300048828125,1665.5,1658.0999755859375,1665.0,1288186,1559.0,1562.0,1553.800048828125,1561.4000244140625,3225591
2025-12-24 15:15:00+05:30,997.7000122070312,998.2000122070312,995.2000122070312,996.4000244140625,800372,3323.699951171875,3324.699951171875,3311.300048828125,3313.10009765625,164722,1360.9000244140625,1361.199951171875,1357.9000244140625,1359.800048828125,544494,1664.800048828125,1667.5,1661.4000244140625,1667.0,445270,1561.4000244140625,1561.5999755859375,1558.5999755859375,1560.9000244140625,438337
2025-12-26 09:15:00+05:30,997.0,997.2000122070312,993.5999755859375,995.0,0,3313.10009765625,3320.0,3298.39990234375,3299.10009765625,0,1359.300048828125,1361.800048828125,1353.5999755859375,1356.300048828125,0,1662.4000244140625,1668.4000244140625,1662.0,1666.300048828125,0,1558.0999755859375,1561.0,1554.5999755859375,1559.0,0
2025-12-26 10:15:00+05:30,994.7999877929688,996.4000244140625,994.5,995.0,1403275,3299.89990234375,3300.0,3285.0,3289.699951171875,266186,1356.4000244140625,1358.300048828125,1355.199951171875,1355.4000244140625,256408,1666.0,1666.0,1659.0,1659.5999755859375,193946,1558.9000244140625,1560.4000244140625,1556.0,1558.0,256793
2025-12-26 11:15:00+05:30,995.0,995.2000122070312,991.0,991.2999877929688,1653601,3289.39990234375,3291.10009765625,3280.60009765625,3283.0,142575,1355.300048828125,1356.300048828125,1354.5999755859375,1354.800048828125,276538,1659.699951171875,1660.199951171875,1654.800048828125,1657.5999755859375,241668,1558.0,1559.5,1556.699951171875,1558.0,242328
2025-12-26 12:15:00+05:30,991.5999755859375,991.5999755859375,988.4000244140625,990.2000122070312,1445920,3283.39990234375,3289.699951171875,3281.10009765625,3285.800048828125,126988,1354.800048828125,1355.5999755859375,1353.0,1353.5999755859375,312430,1657.199951171875,1658.5999755859375,1655.300048828125,1657.9000244140625,236522,1558.0,1558.5999755859375,1555.699951171875,1556.5999755859375,246763
2025-12-26 13:15:00+05:30,990.5,990.7000122070312,989.5999755859375,990.0999755859375,1304082,3285.800048828125,3288.60009765625,3278.0,3281.39990234375,150036,1353.5999755859375,1354.0,1350.0,1350.300048828125,521813,1657.5999755859375,1658.5,1656.0,1657.4000244140625,220788,1556.5999755859375,1559.699951171875,1556.0999755859375,1559.300048828125,363670
2025-12-26 14:15:00+05:30,990.0,992.5999755859375,989.2000122070312,992.2999877929688,1666245,3280.60009765625,3284.0,3277.699951171875,3281.5,220981,1350.199951171875,1351.5,1348.5,1350.0,614017,1657.4000244140625,1658.0999755859375,1651.800048828125,1655.300048828125,613648,1559.300048828125,1560.4000244140625,1556.5,1560.0,541174
2025-12-26 15:15:00+05:30,992.2999877929688,993.4000244140625,991.0,992.2000122070312,917208,3281.39990234375,3284.699951171875,3274.0,3276.89990234375,105645,1350.0999755859375,1351.199951171875,1349.5999755859375,1350.0,311883,1655.300048828125,1657.0,1654.699951171875,1656.0999755859375,212146,1560.0,1560.9000244140625,1559.0,1560.5999755859375,242055
2025-12-29 09:15:00+05:30,993.0999755859375,997.0,993.0999755859375,993.7000122070312,0,3280.300048828125,3287.800048828125,3258.60009765625,3265.89990234375,0,1354.9000244140625,1354.9000244140625,1348.0999755859375,1351.300048828125,0,1659.0,1672.5,1652.5,1655.699951171875,0,1555.199951171875,1557.800048828125,1551.4000244140625,1551.4000244140625,0
2025-12-29 10:15:00+05:30,993.4000244140625,993.7999877929688,989.0999755859375,989.4000244140625,1468636,3265.699951171875,3266.39990234375,3254.39990234375,3255.0,188183,1351.300048828125,1351.699951171875,1346.0,1346.800048828125,878378,1655.199951171875,1656.5999755859375,1644.5999755859375,1645.800048828125,543769,1551.5,1552.800048828125,1547.4000244140625,1549.4000244140625,522072
2025-12-29 11:15:00+05:30,989.4000244140625,989.9000244140625,987.2000122070312,988.2999877929688,1165380,3254.800048828125,3259.199951171875,3251.39990234375,3258.89990234375,167796,1346.800048828125,1347.0,1343.5999755859375,1344.5999755859375,412822,1645.5999755859375,1646.5,1642.0999755859375,1645.5,510448,1549.5,1550.0,1545.5,1549.0999755859375,487874
2025-12-29 12:15:00+05:30,988.2999877929688,990.7000122070312,987.9000244140625,989.4000244140625,1921731,3258.89990234375,3263.800048828125,3251.5,3256.60009765625,306527,1344.4000244140625,1346.800048828125,1343.4000244140625,1345.199951171875,729944,1645.0,1648.199951171875,1640.199951171875,1643.699951171875,633412,1549.0,1550.0,1546.699951171875,1547.5999755859375,711343
2025-12-29 13:15:00+05:30,989.4000244140625,991.2000122070312,987.9000244140625,990.9000244140625,2245828,3256.60009765625,3259.39990234375,3248.0,3251.39990234375,359361,1345.0,1346.9000244140625,1343.800048828125,1344.199951171875,998355,1644.0,1647.0,1640.699951171875,1645.300048828125,470454,1547.5999755859375,1548.5,1544.0,1546.0,978435
2025-12-29 14:15:00+05:30,990.5,993.0,989.7000122070312,992.2000122070312,3809714,3251.300048828125,3255.89990234375,3242.89990234375,3252.300048828125,722621,1344.300048828125,1346.5999755859375,1342.4000244140625,1342.9000244140625,1869179,1645.4000244140625,1650.0,1637.0999755859375,1649.300048828125,1017969,1546.199951171875,1547.699951171875,1543.800048828125,1544.699951171875,1992810
2025-12-29 15:15:00+05:30,992.2000122070312,992.9000244140625,991.2999877929688,991.4000244140625,856258,3251.800048828125,3258.5,3250.0,3255.0,125534,1342.699951171875,1343.5999755859375,1342.0999755859375,1342.699951171875,353046,1649.199951171875,1649.199951171875,1643.0999755859375,1644.699951171875,247420,1544.699951171875,1547.0999755859375,1543.5999755859375,1546.800048828125,414546
2025-12-30 09:15:00+05:30,992.4000244140625,993.2000122070312,987.4000244140625,989.5,0,3250.0,3253.0,3239.800048828125,3248.89990234375,0,1343.5999755859375,1345.9000244140625,1340.800048828125,1343.5,0,1647.0,1647.0,1636.0999755859375,1637.699951171875,0,1547.0,1553.5999755859375,1543.300048828125,1550.5,0
2025-12-30 10:15:00+05:30,989.5,991.0999755859375,987.7000122070312,987.7999877929688,1300461,3249.0,3257.0,3247.39990234375,3250.89990234375,233357,1343.5,1345.5999755859375,1339.199951171875,1341.0,879180,1637.699951171875,1639.0,1635.0,1636.0,333899,1550.4000244140625,1551.699951171875,1545.4000244140625,1545.9000244140625,537219
2025-12-30 11:15:00+05:30,988.0,988.5999755859375,984.7999877929688,985.0,1686596,3251.300048828125,3253.10009765625,3244.39990234375,3246.5,413549,1341.0,1342.800048828125,1338.5,1339.4000244140625,904235,1636.0,1637.5999755859375,1631.5,1631.699951171875,460857,1545.9000244140625,1546.199951171875,1540.199951171875,1543.199951171875,673873
2025-12-30 12:15:00+05:30,985.2000122070312,985.9000244140625,982.9000244140625,983.0999755859375,1942974,3246.60009765625,3264.0,3245.699951171875,3262.39990234375,357645,1339.199951171875,1340.5999755859375,1338.300048828125,1339.0,1073529,1631.699951171875,1637.4000244140625,1629.4000244140625,1635.4000244140625,529611,1543.0,1546.9000244140625,1542.4000244140625,1543.5,906953
2025-12-30 13:15:00+05:30,983.0999755859375,987.5999755859375,982.2000122070312,987.2000122070312,3659881,3263.199951171875,3266.5,3252.0,3252.10009765625,311283,1338.699951171875,1342.0,1338.0999755859375,1340.9000244140625,1715612,1635.4000244140625,1640.300048828125,1633.199951171875,1634.5,615143,1543.5,1546.4000244140625,1542.199951171875,1543.5,1142834
2025-12-30 14:15:00+05:30,987.2000122070312,993.2999877929688,985.7000122070312,991.0,14065070,3252.5,3255.300048828125,3239.60009765625,3246.699951171875,984946,1340.699951171875,1345.5999755859375,1339.199951171875,1342.9000244140625,8252312,1635.0,1635.5,1619.5,1621.699951171875,4191417,1543.5,1545.0,1538.0,1539.300048828125,3090767
2025-12-30 15:15:00+05:30,990.9000244140625,995.0,990.5999755859375,990.9000244140625,7806423,3247.0,3255.5,3246.699951171875,3246.800048828125,329789,1342.9000244140625,1347.0999755859375,1341.9000244140625,1347.0999755859375,5012728,1621.0,1625.0,1616.9000244140625,1623.0,2926945,1539.300048828125,1542.4000244140625,1538.0,1540.5,1246779
